[
  {
    "value": "american",
    "synonyms": [
      "american"
    ]
  },
  {
    "value": "asianfusion",
    "synonyms": [
      "asian fusion",
      "asian-fusion",
      "asianfusion"
    ]
  },
  {
    "value": "chinese",
    "synonyms": [
      "chinese"
    ]
  },
  {
    "value": "european",
    "synonyms": [
      "european"
    ]
  },
  {
    "value": "european",
    "synonyms": [
      "european"
    ]
  },
  {
    "value": "french",
    "synonyms": [
      "french"
    ]
  },
  {
    "value": "greek",
    "synonyms": [
      "greek"
    ]
  },
  {
    "value": "indian",
    "synonyms": [
      "indian"
    ]
  },
  {
    "value": "indonesian",
    "synonyms": [
      "indonesian"
    ]
  },
  {
    "value": "italian",
    "synonyms": [
      "Italian"
    ]
  },
  {
    "value": "japanese",
    "synonyms": [
      "japanese"
    ]
  },
  {
    "value": "korean",
    "synonyms": [
      "korean"
    ]
  },
  {
    "value": "mexican",
    "synonyms": [
      "mexican"
    ]
  },
  {
    "value": "singapore",
    "synonyms": [
      "Singapore",
      "local"
    ]
  },
  {
    "value": "singaporean",
    "synonyms": [
      "local",
      "singapore",
      "singaporean"
    ]
  },
  {
    "value": "spanish",
    "synonyms": [
      "spanish"
    ]
  },
  {
    "value": "vegetarian",
    "synonyms": [
      "vegetarian"
    ]
  },
  {
    "value": "vietnamese",
    "synonyms": [
      "vietnamese"
    ]
  },
  {
    "value": "western",
    "synonyms": [
      "western"
    ]
  }
]