[
  {
    "value": "ah balling",
    "synonyms": [
      "rice ball",
      "tang yuan",
      "tangyuan",
      "汤圆"
    ]
  },
  {
    "value": "ang ku kueh",
    "synonyms": [
      "ang ku kueh",
      "red tortoise cake",
      "红龟粿"
    ]
  },
  {
    "value": "ayam buah keluak",
    "synonyms": [
      "ayam buah keluak",
      "黑果焖鸡"
    ]
  },
  {
    "value": "ayam penyet",
    "synonyms": [
      "ayam penyet",
      "smashed chicken"
    ]
  },
  {
    "value": "bak chang",
    "synonyms": [
      "Bachang",
      "bacang",
      "bak chang",
      "bakcang",
      "rice dumpling",
      "zongzi",
      "粽子",
      "肉粽"
    ]
  },
  {
    "value": "bak chor mee",
    "synonyms": [
      "bak chor mee",
      "minced pork mee",
      "minced pork noodles"
    ]
  },
  {
    "value": "bak kut teh",
    "synonyms": [
      "bak ku teh",
      "bak ku tei",
      "bak kut teh",
      "bak kut tei",
      "bakutei",
      "bat ku tei"
    ]
  },
  {
    "value": "ban chang kueh",
    "synonyms": [
      "ban chang kueh",
      "ban jian kueh"
    ]
  },
  {
    "value": "beef kway teow",
    "synonyms": [
      "beef kway teow"
    ]
  },
  {
    "value": "beef rendang",
    "synonyms": [
      "beef rendang"
    ]
  },
  {
    "value": "carrot cake",
    "synonyms": [
      "carrot cake",
      "chai tow kueh",
      "chye tow kway",
      "fried carrot cake",
      "菜头粿"
    ]
  },
  {
    "value": "chap chye",
    "synonyms": [
      "chap chye"
    ]
  },
  {
    "value": "chapati",
    "synonyms": [
      "chapati"
    ]
  },
  {
    "value": "char kway teow",
    "synonyms": [
      "char kway teow",
      "fried kway teow",
      "炒粿条"
    ]
  },
  {
    "value": "chee cheong fun",
    "synonyms": [
      "chee cheong fun"
    ]
  },
  {
    "value": "chendol",
    "synonyms": [
      "cendol",
      "chendol"
    ]
  },
  {
    "value": "cheng tng",
    "synonyms": [
      "cheng tng"
    ]
  },
  {
    "value": "chicken rice",
    "synonyms": [
      "chicken rice"
    ]
  },
  {
    "value": "chwee kueh",
    "synonyms": [
      "chwee kueh",
      "water rice cake"
    ]
  },
  {
    "value": "chwee kueh",
    "synonyms": [
      "chwee kueh"
    ]
  },
  {
    "value": "claypot rice",
    "synonyms": [
      "claypot rice"
    ]
  },
  {
    "value": "crab",
    "synonyms": [
      "chilli crab",
      "crab",
      "pepper crab",
      "steamed crab"
    ]
  },
  {
    "value": "dim sum",
    "synonyms": [
      "dianxin",
      "dim sum",
      "tim sum"
    ]
  },
  {
    "value": "duck rice",
    "synonyms": [
      "duck rice",
      "yafan"
    ]
  },
  {
    "value": "fishball noodles",
    "synonyms": [
      "fishball mee",
      "fishball noodles",
      "yu yuan mian"
    ]
  },
  {
    "value": "har kau",
    "synonyms": [
      "har kau",
      "prawn dumpling"
    ]
  },
  {
    "value": "hokkien mee",
    "synonyms": [
      "fried fujian noodles",
      "fried hokkien prawn mee",
      "hokkien mee",
      "hokkien noodles"
    ]
  },
  {
    "value": "hor fun",
    "synonyms": [
      "hor fun"
    ]
  },
  {
    "value": "ice kachang",
    "synonyms": [
      "ice beans",
      "ice kacang",
      "ice kachang"
    ]
  },
  {
    "value": "kueh",
    "synonyms": [
      "kueh",
      "kweh"
    ]
  },
  {
    "value": "kway chap",
    "synonyms": [
      "kway chap"
    ]
  },
  {
    "value": "laksa",
    "synonyms": [
      "laksa"
    ]
  },
  {
    "value": "lontong",
    "synonyms": [
      "lontong"
    ]
  },
  {
    "value": "lor mee",
    "synonyms": [
      "lor mee"
    ]
  },
  {
    "value": "mee rebus",
    "synonyms": [
      "mee rebus"
    ]
  },
  {
    "value": "mee siam",
    "synonyms": [
      "mee siam"
    ]
  },
  {
    "value": "mixed rice",
    "synonyms": [
      "caifan",
      "curry rice",
      "mixed rice"
    ]
  },
  {
    "value": "murtabak",
    "synonyms": [
      "murtabak"
    ]
  },
  {
    "value": "mutton soup",
    "synonyms": [
      "mutton soup"
    ]
  },
  {
    "value": "nasi goreng",
    "synonyms": [
      "nasi goreng",
      "nasi goreng ayam",
      "nasi goreng kampung",
      "nasi goreng usa"
    ]
  },
  {
    "value": "nasi lemak",
    "synonyms": [
      "nasi lemak"
    ]
  },
  {
    "value": "ngoh hiang",
    "synonyms": [
      "five spices",
      "ngoh heong",
      "ngoh hiang",
      "ngoh-heong",
      "ngor-hiang"
    ]
  },
  {
    "value": "oyster omelette",
    "synonyms": [
      "fried oyster",
      "fried oyster omelette",
      "or luak",
      "oyster omelette"
    ]
  },
  {
    "value": "pig organ soup",
    "synonyms": [
      "pig organ soup"
    ]
  },
  {
    "value": "popiah",
    "synonyms": [
      "popiah"
    ]
  },
  {
    "value": "porridge",
    "synonyms": [
      "porridge"
    ]
  },
  {
    "value": "prawn mee",
    "synonyms": [
      "hae mee",
      "prawn mee",
      "prawn noodles"
    ]
  },
  {
    "value": "prawn mee",
    "synonyms": [
      "prawn mee",
      "prawn noodles"
    ]
  },
  {
    "value": "putu mayam",
    "synonyms": [
      "putu mayam"
    ]
  },
  {
    "value": "putu piring",
    "synonyms": [
      "putu piring"
    ]
  },
  {
    "value": "roast meat",
    "synonyms": [
      "roast meat"
    ]
  },
  {
    "value": "rojak",
    "synonyms": [
      "rojak"
    ]
  },
  {
    "value": "roti prata",
    "synonyms": [
      "egg prata",
      "prata",
      "roti prata"
    ]
  },
  {
    "value": "satay",
    "synonyms": [
      "satay"
    ]
  },
  {
    "value": "siew mai",
    "synonyms": [
      "shao mai",
      "shaomai",
      "siew mai"
    ]
  },
  {
    "value": "soon kueh",
    "synonyms": [
      "soon kueh",
      "笋粿"
    ]
  },
  {
    "value": "soups",
    "synonyms": [
      "soup",
      "soups"
    ]
  },
  {
    "value": "tau kwa",
    "synonyms": [
      "tau kwa",
      "豆干"
    ]
  },
  {
    "value": "teh tarik",
    "synonyms": [
      "tea with milk",
      "teh tarik"
    ]
  },
  {
    "value": "teochew kueh",
    "synonyms": [
      "teochew kueh"
    ]
  },
  {
    "value": "thosai",
    "synonyms": [
      "thosai",
      "tosai"
    ]
  },
  {
    "value": "vegetarian",
    "synonyms": [
      "vegetarian"
    ]
  },
  {
    "value": "wanton mee",
    "synonyms": [
      "wanton mee",
      "wanton noodles",
      "wonton",
      "wonton mee",
      "wonton noodles",
      "yuntun",
      "yuntun mee",
      "yuntun noodles",
      "云吞"
    ]
  },
  {
    "value": "western food",
    "synonyms": [
      "chicken chop",
      "fish and chips",
      "grilled fish",
      "western food"
    ]
  },
  {
    "value": "xiao long bao",
    "synonyms": [
      "xiao long bao"
    ]
  },
  {
    "value": "yong tau foo",
    "synonyms": [
      "yong tau foo",
      "yong tau hu",
      "yong tow foo",
      "yong tow hu"
    ]
  },
  {
    "value": "you tiao",
    "synonyms": [
      "chinese crullers",
      "dough fritters",
      "you tiao"
    ]
  },
  {
    "value": "zhi char",
    "synonyms": [
      "zhi char"
    ]
  }
]