[
  {
    "id": "d09f7cf4-72b6-4714-8dba-906a9e33a6f3",
    "data": [
      {
        "text": "heyo",
        "userDefined": false
      }
    ],
    "isTemplate": false,
    "count": 0,
    "updated": 0
  },
  {
    "id": "92b2587c-3a32-4993-904b-cc0d4b94df90",
    "data": [
      {
        "text": "☺",
        "userDefined": false
      }
    ],
    "isTemplate": false,
    "count": 0,
    "updated": 0
  },
  {
    "id": "bc43b0f9-1489-42ab-b9ec-0b9f4251544c",
    "data": [
      {
        "text": "how are you doing",
        "userDefined": false
      }
    ],
    "isTemplate": false,
    "count": 0,
    "updated": 0
  },
  {
    "id": "bc771856-f786-481f-995a-b923dbd31940",
    "data": [
      {
        "text": "good evening",
        "userDefined": false
      }
    ],
    "isTemplate": false,
    "count": 0,
    "updated": 0
  },
  {
    "id": "a6a75997-978c-48c0-99b0-1d91d819e30c",
    "data": [
      {
        "text": "good day",
        "userDefined": false
      }
    ],
    "isTemplate": false,
    "count": 0,
    "updated": 0
  },
  {
    "id": "984ac4c4-f8c5-4f38-978b-8eb8e44c3b6d",
    "data": [
      {
        "text": "good afternoon",
        "userDefined": false
      }
    ],
    "isTemplate": false,
    "count": 0,
    "updated": 0
  },
  {
    "id": "e6419c34-f462-4abb-ad3c-0fd1b6f4e440",
    "data": [
      {
        "text": "good morning",
        "userDefined": false
      }
    ],
    "isTemplate": false,
    "count": 0,
    "updated": 0
  },
  {
    "id": "1902a289-522e-452f-b1a6-dea672080753",
    "data": [
      {
        "text": "morning!",
        "userDefined": false
      }
    ],
    "isTemplate": false,
    "count": 0,
    "updated": 0
  },
  {
    "id": "7fab9d6e-edf3-4470-8094-43ab592cafe9",
    "data": [
      {
        "text": "hihi",
        "userDefined": false
      }
    ],
    "isTemplate": false,
    "count": 0,
    "updated": 0
  },
  {
    "id": "471f4c32-f4ea-4f3f-a449-c12d8484c289",
    "data": [
      {
        "text": "what\u0027s up?",
        "userDefined": false
      }
    ],
    "isTemplate": false,
    "count": 0,
    "updated": 0
  },
  {
    "id": "4f9b6954-85b4-4d4a-9f24-22ac0a027a62",
    "data": [
      {
        "text": "hello",
        "userDefined": false
      }
    ],
    "isTemplate": false,
    "count": 0,
    "updated": 0
  },
  {
    "id": "613aa742-3745-4ae5-b89e-c6d46067851e",
    "data": [
      {
        "text": "hi",
        "userDefined": false
      }
    ],
    "isTemplate": false,
    "count": 0,
    "updated": 0
  },
  {
    "id": "41697cf5-72e2-4499-8353-7b83a1ecc278",
    "data": [
      {
        "text": "just going to say hi",
        "userDefined": false
      }
    ],
    "isTemplate": false,
    "count": 0,
    "updated": 0
  },
  {
    "id": "a72ade84-2785-48b3-b3b5-339984c87ff4",
    "data": [
      {
        "text": "heya",
        "userDefined": false
      }
    ],
    "isTemplate": false,
    "count": 0,
    "updated": 0
  },
  {
    "id": "cd164606-4976-4dba-9c76-4301a7be307a",
    "data": [
      {
        "text": "hello hi",
        "userDefined": false
      }
    ],
    "isTemplate": false,
    "count": 0,
    "updated": 0
  },
  {
    "id": "e853d1ec-29be-42dc-8329-5ef9a64b83b9",
    "data": [
      {
        "text": "howdy",
        "userDefined": false
      }
    ],
    "isTemplate": false,
    "count": 0,
    "updated": 0
  },
  {
    "id": "d078201e-e75e-46d4-a033-331ed52aa9b0",
    "data": [
      {
        "text": "hey there",
        "userDefined": false
      }
    ],
    "isTemplate": false,
    "count": 0,
    "updated": 0
  },
  {
    "id": "365afd5e-840a-4919-86b4-9b6f5d32f910",
    "data": [
      {
        "text": "hi there",
        "userDefined": false
      }
    ],
    "isTemplate": false,
    "count": 1,
    "updated": 0
  },
  {
    "id": "070d4715-c371-463e-baaf-ac99fc3837ca",
    "data": [
      {
        "text": "greetings",
        "userDefined": false
      }
    ],
    "isTemplate": false,
    "count": 0,
    "updated": 0
  },
  {
    "id": "b1d48d7e-4030-435c-8bec-c82cd5b7900c",
    "data": [
      {
        "text": "hey",
        "userDefined": false
      }
    ],
    "isTemplate": false,
    "count": 0,
    "updated": 0
  },
  {
    "id": "50358e3b-d327-4fb3-a758-d8fbe26f264b",
    "data": [
      {
        "text": "long time no see",
        "userDefined": false
      }
    ],
    "isTemplate": false,
    "count": 1,
    "updated": 0
  },
  {
    "id": "6523a1f7-562e-40c1-aa78-1b7695f3dd0b",
    "data": [
      {
        "text": "lovely day isn\u0027t it",
        "userDefined": false
      }
    ],
    "isTemplate": false,
    "count": 0,
    "updated": 0
  },
  {
    "id": "2f95c698-7d30-49df-aabb-ffad6d51d74d",
    "data": [
      {
        "text": "I greet you",
        "userDefined": false
      }
    ],
    "isTemplate": false,
    "count": 0,
    "updated": 0
  },
  {
    "id": "46c2575f-4817-4b30-8d4f-10a9f41f5e3f",
    "data": [
      {
        "text": "hello again",
        "userDefined": false
      }
    ],
    "isTemplate": false,
    "count": 1,
    "updated": 0
  },
  {
    "id": "b38d42a9-3283-4e5d-99c9-708766d91be4",
    "data": [
      {
        "text": "hello there",
        "userDefined": false
      }
    ],
    "isTemplate": false,
    "count": 0,
    "updated": 0
  },
  {
    "id": "3338a0ad-a18c-4a7d-ad6a-06837fc5958c",
    "data": [
      {
        "text": "a good day",
        "userDefined": false
      }
    ],
    "isTemplate": false,
    "count": 0,
    "updated": 0
  }
]