[
  {
    "id": "d2567ab6-2f26-4569-b107-ed06e3897d73",
    "data": [
      {
        "text": "i am searching for a restaurant in ",
        "userDefined": false
      },
      {
        "text": "singapore",
        "alias": "location",
        "meta": "@sys.location",
        "userDefined": true
      }
    ],
    "isTemplate": false,
    "count": 0,
    "updated": 0
  },
  {
    "id": "17c45853-5879-47b7-ac9a-d77ec2165765",
    "data": [
      {
        "text": "Get information on a dining place",
        "userDefined": false
      }
    ],
    "isTemplate": false,
    "count": 0,
    "updated": 0
  },
  {
    "id": "4e0fecf8-2903-47e6-aff0-631ad4727098",
    "data": [
      {
        "text": "get info on specific dining venue",
        "userDefined": false
      }
    ],
    "isTemplate": false,
    "count": 0,
    "updated": 0
  },
  {
    "id": "67820c52-967e-4782-8fc0-e710a9d7874a",
    "data": [
      {
        "text": "Get specific eatery info",
        "userDefined": false
      }
    ],
    "isTemplate": false,
    "count": 0,
    "updated": 0
  },
  {
    "id": "82b324ba-ef28-4a2b-8f1d-13706fa024ed",
    "data": [
      {
        "text": "Get info of eatery",
        "userDefined": false
      }
    ],
    "isTemplate": false,
    "count": 0,
    "updated": 0
  },
  {
    "id": "3d351247-454b-41dd-b815-99327fb3e987",
    "data": [
      {
        "text": "Burger King",
        "alias": "restaurantName",
        "meta": "@RestaurantName",
        "userDefined": true
      },
      {
        "text": " at ",
        "userDefined": false
      },
      {
        "text": "Woodlands",
        "alias": "location",
        "meta": "@sys.location",
        "userDefined": true
      }
    ],
    "isTemplate": false,
    "count": 0,
    "updated": 0
  },
  {
    "id": "a83e313d-093c-4843-a495-4c9b64b7a69d",
    "data": [
      {
        "text": "KFC",
        "alias": "restaurantName",
        "meta": "@RestaurantName",
        "userDefined": true
      },
      {
        "text": " in ",
        "userDefined": false
      },
      {
        "text": "Orchard",
        "alias": "location",
        "meta": "@sys.location",
        "userDefined": true
      }
    ],
    "isTemplate": false,
    "count": 0,
    "updated": 0
  },
  {
    "id": "f56104c3-0415-4b21-8cbd-23b49d81a970",
    "data": [
      {
        "text": "Need restaurant info",
        "userDefined": false
      }
    ],
    "isTemplate": false,
    "count": 0,
    "updated": 0
  },
  {
    "id": "c06dd098-35d9-4f32-bfda-1e27d443334a",
    "data": [
      {
        "text": "Give me information on a restaurant",
        "userDefined": false
      }
    ],
    "isTemplate": false,
    "count": 0,
    "updated": 0
  },
  {
    "id": "a0891909-fc57-4914-9dfe-f4f4768d6418",
    "data": [
      {
        "text": "Get Restaurant Info",
        "userDefined": false
      }
    ],
    "isTemplate": false,
    "count": 0,
    "updated": 0
  },
  {
    "id": "fec02aa9-6f15-4e57-b858-0c4217017a23",
    "data": [
      {
        "text": "Restaurant Info",
        "userDefined": false
      }
    ],
    "isTemplate": false,
    "count": 0,
    "updated": 0
  },
  {
    "id": "1be0c794-f153-4608-8c9d-6a80a63ddbcf",
    "data": [
      {
        "text": "Details of ",
        "userDefined": false
      },
      {
        "text": "Ding Tai Fung",
        "alias": "restaurantName",
        "meta": "@RestaurantName",
        "userDefined": true
      },
      {
        "text": " at ",
        "userDefined": false
      },
      {
        "text": "Orchard",
        "alias": "location",
        "meta": "@sys.location",
        "userDefined": true
      }
    ],
    "isTemplate": false,
    "count": 0,
    "updated": 0
  },
  {
    "id": "88ca2625-5aa2-4948-bacb-87367ecea706",
    "data": [
      {
        "text": "where is ",
        "userDefined": false
      },
      {
        "text": "vatos urban tacos",
        "alias": "restaurantName",
        "meta": "@RestaurantName",
        "userDefined": true
      }
    ],
    "isTemplate": false,
    "count": 0,
    "updated": 0
  },
  {
    "id": "18b73c26-80bd-491f-a68a-7846ebc44ef0",
    "data": [
      {
        "text": "I like to go to ",
        "userDefined": false
      },
      {
        "text": "Liao Fan Hawker Chan",
        "alias": "restaurantName",
        "meta": "@RestaurantName",
        "userDefined": true
      }
    ],
    "isTemplate": false,
    "count": 0,
    "updated": 0
  },
  {
    "id": "6873c4aa-76a1-4276-aa64-5c2f412a9181",
    "data": [
      {
        "text": "I would like to look for ",
        "userDefined": false
      },
      {
        "text": "Burnt Ends",
        "alias": "restaurantName",
        "meta": "@RestaurantName",
        "userDefined": true
      }
    ],
    "isTemplate": false,
    "count": 0,
    "updated": 0
  },
  {
    "id": "c36dd367-eaa0-4453-aeed-bfc16dbd6d89",
    "data": [
      {
        "text": "can you tell me info on ",
        "userDefined": false
      },
      {
        "text": "The Butcher\u0027s wife",
        "alias": "restaurantName",
        "meta": "@RestaurantName",
        "userDefined": true
      }
    ],
    "isTemplate": false,
    "count": 0,
    "updated": 0
  },
  {
    "id": "1f2c92ca-4ba1-4864-b577-9e5b0b120d4b",
    "data": [
      {
        "text": "Is there ",
        "userDefined": false
      },
      {
        "text": "sushi tei",
        "alias": "restaurantName",
        "meta": "@RestaurantName",
        "userDefined": false
      }
    ],
    "isTemplate": false,
    "count": 0,
    "updated": 0
  },
  {
    "id": "4a182766-fedd-4bf8-ab3e-4c07208d6f42",
    "data": [
      {
        "text": "Does ",
        "userDefined": false
      },
      {
        "text": "Singapore",
        "alias": "location",
        "meta": "@sys.location",
        "userDefined": true
      },
      {
        "text": " have ",
        "userDefined": false
      },
      {
        "text": "Waku Ghin",
        "alias": "restaurantName",
        "meta": "@RestaurantName",
        "userDefined": false
      }
    ],
    "isTemplate": false,
    "count": 0,
    "updated": 0
  },
  {
    "id": "97f83c5b-2b05-4198-99ae-74cee66346c3",
    "data": [
      {
        "text": "Can you tell me about ",
        "userDefined": false
      },
      {
        "text": "Limma",
        "alias": "restaurantName",
        "meta": "@RestaurantName",
        "userDefined": true
      }
    ],
    "isTemplate": false,
    "count": 0,
    "updated": 0
  },
  {
    "id": "45f393b7-eb3b-4bb6-a679-a4ee039e48a0",
    "data": [
      {
        "text": "Famous Sungei Road Trishaw Laksa",
        "alias": "restaurantName",
        "meta": "@RestaurantName",
        "userDefined": true
      }
    ],
    "isTemplate": false,
    "count": 0,
    "updated": 0
  },
  {
    "id": "b959ae69-4e7f-465d-b8bb-0b9c8b55cc3f",
    "data": [
      {
        "text": "heard of ",
        "userDefined": false
      },
      {
        "text": "Holycrab",
        "alias": "restaurantName",
        "meta": "@RestaurantName",
        "userDefined": true
      }
    ],
    "isTemplate": false,
    "count": 0,
    "updated": 0
  },
  {
    "id": "af5d63ad-684f-43d2-bc38-226abeb271e3",
    "data": [
      {
        "text": "is there ",
        "userDefined": false
      },
      {
        "text": "Limaa",
        "alias": "restaurantName",
        "meta": "@RestaurantName",
        "userDefined": true
      },
      {
        "text": " restaurant here ?",
        "userDefined": false
      }
    ],
    "isTemplate": false,
    "count": 0,
    "updated": 0
  },
  {
    "id": "7b986253-82e0-42d0-8c2e-91651991ef73",
    "data": [
      {
        "text": "where is ",
        "userDefined": false
      },
      {
        "text": "Huat Huat BBQ",
        "alias": "restaurantName",
        "meta": "@RestaurantName",
        "userDefined": true
      }
    ],
    "isTemplate": false,
    "count": 0,
    "updated": 0
  },
  {
    "id": "26e7b409-1ddb-459d-8a33-5df7d68cf35a",
    "data": [
      {
        "text": "Zingdo Korean",
        "alias": "restaurantName",
        "meta": "@RestaurantName",
        "userDefined": true
      },
      {
        "text": " Restaurant",
        "userDefined": false
      }
    ],
    "isTemplate": false,
    "count": 0,
    "updated": 0
  },
  {
    "id": "8e58f1a7-cb32-4f37-8bc2-2afebf2ec7b7",
    "data": [
      {
        "text": "Swensen",
        "alias": "restaurantName",
        "meta": "@RestaurantName",
        "userDefined": true
      },
      {
        "text": "\u0027s Restaurant",
        "userDefined": false
      }
    ],
    "isTemplate": false,
    "count": 0,
    "updated": 0
  },
  {
    "id": "68b8f844-644b-4478-a1b8-c591f11c90f9",
    "data": [
      {
        "text": "Siam Kitchen Thai",
        "alias": "restaurantName",
        "meta": "@RestaurantName",
        "userDefined": true
      },
      {
        "text": " Restaurant",
        "userDefined": false
      }
    ],
    "isTemplate": false,
    "count": 0,
    "updated": 0
  },
  {
    "id": "40fbff6a-5549-4a9d-ad83-a51cb9578b1c",
    "data": [
      {
        "text": "Seoul Garden Korean BBQ",
        "alias": "restaurantName",
        "meta": "@RestaurantName",
        "userDefined": true
      }
    ],
    "isTemplate": false,
    "count": 0,
    "updated": 0
  },
  {
    "id": "2019d6d7-2748-46bc-a429-07ce85c7d41b",
    "data": [
      {
        "text": "Secret Recipe Cafe",
        "alias": "restaurantName",
        "meta": "@RestaurantName",
        "userDefined": true
      }
    ],
    "isTemplate": false,
    "count": 0,
    "updated": 0
  },
  {
    "id": "89987425-e6c8-4169-a9d9-353583bf8edb",
    "data": [
      {
        "text": "Pizza Hut",
        "alias": "restaurantName",
        "meta": "@RestaurantName",
        "userDefined": true
      }
    ],
    "isTemplate": false,
    "count": 0,
    "updated": 0
  },
  {
    "id": "b9ef2347-487c-40a5-b2f3-7228201b604e",
    "data": [
      {
        "text": "No Signboard Seafood",
        "alias": "restaurantName",
        "meta": "@RestaurantName",
        "userDefined": true
      },
      {
        "text": " Restaurant",
        "userDefined": false
      }
    ],
    "isTemplate": false,
    "count": 0,
    "updated": 0
  },
  {
    "id": "aa0b1cb9-e88e-4250-ba8f-266aee42d41a",
    "data": [
      {
        "text": "Mushroom Pot",
        "alias": "restaurantName",
        "meta": "@RestaurantName",
        "userDefined": true
      },
      {
        "text": " Restaurant",
        "userDefined": false
      }
    ],
    "isTemplate": false,
    "count": 0,
    "updated": 0
  },
  {
    "id": "ff7cfacb-e415-49c7-8de9-094afc2c6ddf",
    "data": [
      {
        "text": "Mushroom Park Steamboat",
        "alias": "restaurantName",
        "meta": "@RestaurantName",
        "userDefined": true
      },
      {
        "text": " Restaurant",
        "userDefined": false
      }
    ],
    "isTemplate": false,
    "count": 0,
    "updated": 0
  },
  {
    "id": "d9bc77e0-99aa-45cc-82b5-f850bd17b655",
    "data": [
      {
        "text": "Mooi Chin Place",
        "alias": "restaurantName",
        "meta": "@RestaurantName",
        "userDefined": true
      },
      {
        "text": " Restaurant",
        "userDefined": false
      }
    ],
    "isTemplate": false,
    "count": 0,
    "updated": 0
  },
  {
    "id": "a8b3f91d-7e71-4dbc-9b3d-2715bc9b472c",
    "data": [
      {
        "text": "Marché",
        "alias": "restaurantName",
        "meta": "@RestaurantName",
        "userDefined": true
      },
      {
        "text": " Restaurant",
        "userDefined": false
      }
    ],
    "isTemplate": false,
    "count": 0,
    "updated": 0
  },
  {
    "id": "33457848-f91a-4720-bb81-37f5b33b9a6d",
    "data": [
      {
        "text": "Long John Silver\u0027s",
        "alias": "restaurantName",
        "meta": "@RestaurantName",
        "userDefined": true
      }
    ],
    "isTemplate": false,
    "count": 0,
    "updated": 0
  },
  {
    "id": "1f0b6f94-5652-41c9-bbcc-07d65d24f13c",
    "data": [
      {
        "text": "Lemongrass Thai",
        "alias": "restaurantName",
        "meta": "@RestaurantName",
        "userDefined": true
      },
      {
        "text": " Restaurant",
        "userDefined": false
      }
    ],
    "isTemplate": false,
    "count": 0,
    "updated": 0
  },
  {
    "id": "35df18f7-ba54-4a34-bbf4-0ccd7f47954e",
    "data": [
      {
        "text": "Sushi Jin",
        "alias": "restaurantName",
        "meta": "@RestaurantName",
        "userDefined": false
      }
    ],
    "isTemplate": false,
    "count": 0,
    "updated": 0
  },
  {
    "id": "c4342a10-08a4-4559-ba97-cf5037c9318c",
    "data": [
      {
        "text": "din tai fung",
        "alias": "restaurantName",
        "meta": "@RestaurantName",
        "userDefined": false
      }
    ],
    "isTemplate": false,
    "count": 0,
    "updated": 0
  },
  {
    "id": "fe2ab59d-5fdc-4b90-a045-5411c4cd7cb5",
    "data": [
      {
        "text": "Jack\u0027s Place Restaurant",
        "alias": "restaurantName",
        "meta": "@RestaurantName",
        "userDefined": false
      }
    ],
    "isTemplate": false,
    "count": 0,
    "updated": 0
  },
  {
    "id": "2684d2e9-0224-47ed-adb9-01f8e7e1d422",
    "data": [
      {
        "text": "Kentucy Fried Chicken",
        "alias": "restaurantName",
        "meta": "@RestaurantName",
        "userDefined": true
      }
    ],
    "isTemplate": false,
    "count": 0,
    "updated": 0
  },
  {
    "id": "3e5939f6-1cdb-4cb8-8d91-c9ac6e137c0c",
    "data": [
      {
        "text": "Hong Kong Cafe",
        "alias": "restaurantName",
        "meta": "@RestaurantName",
        "userDefined": false
      }
    ],
    "isTemplate": false,
    "count": 0,
    "updated": 0
  }
]