[
  {
    "id": "02c8a236-5daf-4401-8cbf-0e3fa9fc9582",
    "data": [
      {
        "text": "Anything",
        "alias": "RestaurantNoPreferredLocation",
        "meta": "@RestaurantNoPreferredLocation",
        "userDefined": false
      }
    ],
    "isTemplate": false,
    "count": 0,
    "updated": 0
  },
  {
    "id": "598f7e7e-7586-4ce4-84bc-1d8f4ec7b898",
    "data": [
      {
        "text": "Anywhere",
        "alias": "RestaurantNoPreferredLocation",
        "meta": "@RestaurantNoPreferredLocation",
        "userDefined": true
      }
    ],
    "isTemplate": false,
    "count": 0,
    "updated": 0
  },
  {
    "id": "7664b61f-8ded-43b7-b797-d90cf30b60e0",
    "data": [
      {
        "text": "Nope",
        "alias": "RestaurantNoPreferredLocation",
        "meta": "@RestaurantNoPreferredLocation",
        "userDefined": true
      }
    ],
    "isTemplate": false,
    "count": 0,
    "updated": 0
  },
  {
    "id": "5d838a8d-4227-488f-805f-a2847b9d6e80",
    "data": [
      {
        "text": "I don\u0027t know. ",
        "userDefined": false
      },
      {
        "text": "Anything",
        "alias": "RestaurantNoPreferredLocation",
        "meta": "@RestaurantNoPreferredLocation",
        "userDefined": true
      }
    ],
    "isTemplate": false,
    "count": 0,
    "updated": 0
  },
  {
    "id": "020d2fd1-12aa-41fc-bbac-65936ee431f7",
    "data": [
      {
        "text": "Maybe someplace in the ",
        "userDefined": false
      },
      {
        "text": "west",
        "alias": "location",
        "meta": "@sys.location",
        "userDefined": true
      },
      {
        "text": "?",
        "userDefined": false
      }
    ],
    "isTemplate": false,
    "count": 0,
    "updated": 0
  },
  {
    "id": "f1114c79-75a6-43a3-a98b-df00ded80273",
    "data": [
      {
        "text": "Somewhere in ",
        "userDefined": false
      },
      {
        "text": "Bishan",
        "alias": "location",
        "meta": "@sys.location",
        "userDefined": true
      }
    ],
    "isTemplate": false,
    "count": 0,
    "updated": 0
  },
  {
    "id": "a52a6253-a854-4e7c-91c0-650c87041fb0",
    "data": [
      {
        "text": "Orchard Road",
        "alias": "location",
        "meta": "@sys.location",
        "userDefined": true
      }
    ],
    "isTemplate": false,
    "count": 0,
    "updated": 0
  },
  {
    "id": "42006a6e-43f9-41e4-8c0f-d34d3a74767c",
    "data": [
      {
        "text": "Anywhere",
        "alias": "RestaurantNoPreferredLocation",
        "meta": "@RestaurantNoPreferredLocation",
        "userDefined": true
      },
      {
        "text": " is fine",
        "userDefined": false
      }
    ],
    "isTemplate": false,
    "count": 0,
    "updated": 0
  },
  {
    "id": "8d7069be-c253-49bd-93e4-957ab8b36d38",
    "data": [
      {
        "text": "None",
        "alias": "RestaurantNoPreferredLocation",
        "meta": "@RestaurantNoPreferredLocation",
        "userDefined": true
      }
    ],
    "isTemplate": false,
    "count": 0,
    "updated": 0
  }
]