[
  {
    "id": "f36e23bb-e56b-46df-ac93-5dedda3d7b11",
    "data": [
      {
        "text": "Anything",
        "alias": "RestaurantNoPreferredLocation",
        "meta": "@RestaurantNoPreferredLocation",
        "userDefined": false
      }
    ],
    "isTemplate": false,
    "count": 0,
    "updated": 0
  },
  {
    "id": "aad18692-ffd1-4753-8c47-6de7fd19ca60",
    "data": [
      {
        "text": "Anywhere",
        "alias": "RestaurantNoPreferredLocation",
        "meta": "@RestaurantNoPreferredLocation",
        "userDefined": true
      }
    ],
    "isTemplate": false,
    "count": 0,
    "updated": 0
  },
  {
    "id": "a923c01b-a4de-443b-b213-1302fcb1801f",
    "data": [
      {
        "text": "Nope",
        "alias": "RestaurantNoPreferredLocation",
        "meta": "@RestaurantNoPreferredLocation",
        "userDefined": true
      }
    ],
    "isTemplate": false,
    "count": 0,
    "updated": 0
  },
  {
    "id": "9b06b5c5-6203-4188-89ba-b2cf93d4851b",
    "data": [
      {
        "text": "I don\u0027t know. ",
        "userDefined": false
      },
      {
        "text": "Anything",
        "alias": "RestaurantNoPreferredLocation",
        "meta": "@RestaurantNoPreferredLocation",
        "userDefined": true
      }
    ],
    "isTemplate": false,
    "count": 0,
    "updated": 0
  },
  {
    "id": "8c1ff85f-6d3b-4c3c-9d31-0da4ea5ec74e",
    "data": [
      {
        "text": "Maybe someplace in the ",
        "userDefined": false
      },
      {
        "text": "west",
        "alias": "location",
        "meta": "@sys.location",
        "userDefined": true
      },
      {
        "text": "?",
        "userDefined": false
      }
    ],
    "isTemplate": false,
    "count": 0,
    "updated": 0
  },
  {
    "id": "a3fe875c-ad23-4068-8bdc-7434165b6d04",
    "data": [
      {
        "text": "Somewhere in ",
        "userDefined": false
      },
      {
        "text": "Bishan",
        "alias": "location",
        "meta": "@sys.location",
        "userDefined": true
      }
    ],
    "isTemplate": false,
    "count": 0,
    "updated": 0
  },
  {
    "id": "a0dc676a-f662-4a81-8efc-d46bc229b5d1",
    "data": [
      {
        "text": "Orchard Road",
        "alias": "location",
        "meta": "@sys.location",
        "userDefined": true
      }
    ],
    "isTemplate": false,
    "count": 0,
    "updated": 0
  },
  {
    "id": "7a9fbd82-3bbe-4c32-9c03-5abc68fffe08",
    "data": [
      {
        "text": "Anywhere",
        "alias": "RestaurantNoPreferredLocation",
        "meta": "@RestaurantNoPreferredLocation",
        "userDefined": true
      },
      {
        "text": " is fine",
        "userDefined": false
      }
    ],
    "isTemplate": false,
    "count": 0,
    "updated": 0
  },
  {
    "id": "2800a6fb-b8b1-4d6c-a267-734d2c296ef9",
    "data": [
      {
        "text": "None",
        "alias": "RestaurantNoPreferredLocation",
        "meta": "@RestaurantNoPreferredLocation",
        "userDefined": true
      }
    ],
    "isTemplate": false,
    "count": 0,
    "updated": 0
  }
]