[
  {
    "id": "77140127-78e4-46cb-9fb0-3a7066b89cbb",
    "data": [
      {
        "text": "I want to ",
        "userDefined": false
      },
      {
        "text": "find",
        "meta": "@sys.ignore",
        "userDefined": false
      },
      {
        "text": " ",
        "userDefined": false
      },
      {
        "text": "hawker centres",
        "alias": "hawkerCentre",
        "meta": "@hawkerCentre",
        "userDefined": true
      },
      {
        "text": ".",
        "userDefined": false
      }
    ],
    "isTemplate": false,
    "count": 0,
    "updated": 0
  },
  {
    "id": "aa6041f0-baa5-4f3c-bf2d-9dc774740600",
    "data": [
      {
        "text": "I wan to dine at ",
        "userDefined": false
      },
      {
        "text": "hawker centres",
        "alias": "hawkerCentre",
        "meta": "@hawkerCentre",
        "userDefined": true
      },
      {
        "text": ".",
        "userDefined": false
      }
    ],
    "isTemplate": false,
    "count": 1,
    "updated": 0
  },
  {
    "id": "2cbd2a22-e56c-49cf-bb19-3deae916b622",
    "data": [
      {
        "text": "Can you recommend ",
        "userDefined": false
      },
      {
        "text": "hawker centres",
        "alias": "hawkerCentre",
        "meta": "@hawkerCentre",
        "userDefined": true
      },
      {
        "text": "?",
        "userDefined": false
      }
    ],
    "isTemplate": false,
    "count": 0,
    "updated": 0
  },
  {
    "id": "d3d18b89-b16a-4052-afa9-ab284995755a",
    "data": [
      {
        "text": "I plan to visit ",
        "userDefined": false
      },
      {
        "text": "hawker centres",
        "alias": "hawkerCentre",
        "meta": "@hawkerCentre",
        "userDefined": true
      },
      {
        "text": ".",
        "userDefined": false
      }
    ],
    "isTemplate": false,
    "count": 0,
    "updated": 0
  },
  {
    "id": "b679033b-1a52-4dc4-814f-4f9dfce3a83a",
    "data": [
      {
        "text": "Please get popular ",
        "userDefined": false
      },
      {
        "text": "hawker centres",
        "alias": "hawkerCentre",
        "meta": "@hawkerCentre",
        "userDefined": true
      },
      {
        "text": ".",
        "userDefined": false
      }
    ],
    "isTemplate": false,
    "count": 0,
    "updated": 0
  },
  {
    "id": "dc72244f-aa76-49ca-aeee-626d1835efa8",
    "data": [
      {
        "text": "Please search for popular ",
        "userDefined": false
      },
      {
        "text": "hawker centres",
        "alias": "hawkerCentre",
        "meta": "@hawkerCentre",
        "userDefined": true
      },
      {
        "text": ".",
        "userDefined": false
      }
    ],
    "isTemplate": false,
    "count": 0,
    "updated": 0
  },
  {
    "id": "d819bb09-db1e-416e-9370-b0903f62817d",
    "data": [
      {
        "text": "Find popular ",
        "userDefined": false
      },
      {
        "text": "hawker centres",
        "alias": "hawkerCentre",
        "meta": "@hawkerCentre",
        "userDefined": true
      },
      {
        "text": " please.",
        "userDefined": false
      }
    ],
    "isTemplate": false,
    "count": 1,
    "updated": 0
  },
  {
    "id": "6e8cce98-42ba-4feb-8894-27afc3941cbc",
    "data": [
      {
        "text": "I prefer ",
        "userDefined": false
      },
      {
        "text": "hawker food",
        "alias": "hawkerCentre",
        "meta": "@hawkerCentre",
        "userDefined": true
      },
      {
        "text": ".",
        "userDefined": false
      }
    ],
    "isTemplate": false,
    "count": 0,
    "updated": 0
  }
]