[
  {
    "id": "abdc7fd8-8102-4e8d-b16c-84f2546dd2b0",
    "data": [
      {
        "text": "I want to ",
        "userDefined": false
      },
      {
        "text": "find",
        "meta": "@sys.ignore",
        "userDefined": false
      },
      {
        "text": " ",
        "userDefined": false
      },
      {
        "text": "hawker centres",
        "alias": "hawkerCentre",
        "meta": "@hawkerCentre",
        "userDefined": true
      },
      {
        "text": ".",
        "userDefined": false
      }
    ],
    "isTemplate": false,
    "count": 0,
    "updated": 0
  },
  {
    "id": "210191b7-e833-467a-94d0-1274e0eca584",
    "data": [
      {
        "text": "I wan to dine at ",
        "userDefined": false
      },
      {
        "text": "hawker centres",
        "alias": "hawkerCentre",
        "meta": "@hawkerCentre",
        "userDefined": true
      },
      {
        "text": ".",
        "userDefined": false
      }
    ],
    "isTemplate": false,
    "count": 1,
    "updated": 0
  },
  {
    "id": "037138e2-fbbe-4ed8-9e50-83c7119dbb49",
    "data": [
      {
        "text": "Can you recommend ",
        "userDefined": false
      },
      {
        "text": "hawker centres",
        "alias": "hawkerCentre",
        "meta": "@hawkerCentre",
        "userDefined": true
      },
      {
        "text": "?",
        "userDefined": false
      }
    ],
    "isTemplate": false,
    "count": 0,
    "updated": 0
  },
  {
    "id": "105105d5-6a40-4b15-9c83-612c70527630",
    "data": [
      {
        "text": "I plan to visit ",
        "userDefined": false
      },
      {
        "text": "hawker centres",
        "alias": "hawkerCentre",
        "meta": "@hawkerCentre",
        "userDefined": true
      },
      {
        "text": ".",
        "userDefined": false
      }
    ],
    "isTemplate": false,
    "count": 0,
    "updated": 0
  },
  {
    "id": "4ca246c9-ef67-459f-a8c4-6f2aef07ec86",
    "data": [
      {
        "text": "Please get popular ",
        "userDefined": false
      },
      {
        "text": "hawker centres",
        "alias": "hawkerCentre",
        "meta": "@hawkerCentre",
        "userDefined": true
      },
      {
        "text": ".",
        "userDefined": false
      }
    ],
    "isTemplate": false,
    "count": 0,
    "updated": 0
  },
  {
    "id": "c7a90e00-a8f3-4497-9541-c4aff5143a6e",
    "data": [
      {
        "text": "Please search for popular ",
        "userDefined": false
      },
      {
        "text": "hawker centres",
        "alias": "hawkerCentre",
        "meta": "@hawkerCentre",
        "userDefined": true
      },
      {
        "text": ".",
        "userDefined": false
      }
    ],
    "isTemplate": false,
    "count": 0,
    "updated": 0
  },
  {
    "id": "8f653de6-f474-4a3e-b131-728b231cc064",
    "data": [
      {
        "text": "Find popular ",
        "userDefined": false
      },
      {
        "text": "hawker centres",
        "alias": "hawkerCentre",
        "meta": "@hawkerCentre",
        "userDefined": true
      },
      {
        "text": " please.",
        "userDefined": false
      }
    ],
    "isTemplate": false,
    "count": 1,
    "updated": 0
  },
  {
    "id": "6ebfa341-e029-477f-8543-05136038f7c8",
    "data": [
      {
        "text": "I prefer ",
        "userDefined": false
      },
      {
        "text": "hawker food",
        "alias": "hawkerCentre",
        "meta": "@hawkerCentre",
        "userDefined": true
      },
      {
        "text": ".",
        "userDefined": false
      }
    ],
    "isTemplate": false,
    "count": 0,
    "updated": 0
  }
]