[
  {
    "id": "2a91c604-24d7-441e-93af-06e6e0db6b12",
    "data": [
      {
        "text": "well, around ",
        "userDefined": false
      },
      {
        "text": "5",
        "alias": "number",
        "meta": "@sys.number",
        "userDefined": true
      },
      {
        "text": ".",
        "userDefined": false
      }
    ],
    "isTemplate": false,
    "count": 0,
    "updated": 0
  },
  {
    "id": "0809a4f8-bdb0-4ca3-8373-c1f057a31a9b",
    "data": [
      {
        "text": "Can i have ",
        "userDefined": false
      },
      {
        "text": "8",
        "alias": "number",
        "meta": "@sys.number",
        "userDefined": false
      },
      {
        "text": " ",
        "userDefined": false
      },
      {
        "text": "locations?",
        "meta": "@sys.ignore",
        "userDefined": false
      }
    ],
    "isTemplate": false,
    "count": 0,
    "updated": 0
  },
  {
    "id": "7e0dd923-a082-48e3-9844-4eafd31a3498",
    "data": [
      {
        "text": "5",
        "alias": "number",
        "meta": "@sys.number",
        "userDefined": false
      },
      {
        "text": " will do.",
        "userDefined": false
      }
    ],
    "isTemplate": false,
    "count": 0,
    "updated": 0
  },
  {
    "id": "02fd1e15-cb63-4225-b0aa-47a31750ddc9",
    "data": [
      {
        "text": "Maybe ",
        "userDefined": false
      },
      {
        "text": "5.",
        "meta": "@sys.ignore",
        "userDefined": false
      }
    ],
    "isTemplate": false,
    "count": 0,
    "updated": 0
  },
  {
    "id": "4323bc20-ce4e-4284-a0f7-001ee9ef69b9",
    "data": [
      {
        "text": "How about ",
        "userDefined": false
      },
      {
        "text": "5",
        "alias": "number",
        "meta": "@sys.number",
        "userDefined": false
      },
      {
        "text": "?",
        "userDefined": false
      }
    ],
    "isTemplate": false,
    "count": 0,
    "updated": 0
  },
  {
    "id": "a88f333f-c2c9-4645-bebb-95ee5a47a4c8",
    "data": [
      {
        "text": "Find",
        "meta": "@sys.ignore",
        "userDefined": true
      },
      {
        "text": " ",
        "userDefined": false
      },
      {
        "text": "5",
        "alias": "number",
        "meta": "@sys.number",
        "userDefined": false
      },
      {
        "text": " ",
        "userDefined": false
      },
      {
        "text": "places.",
        "meta": "@sys.ignore",
        "userDefined": true
      }
    ],
    "isTemplate": false,
    "count": 1,
    "updated": 0
  },
  {
    "id": "9545d266-f090-4101-b8bf-a5f61b4b15c7",
    "data": [
      {
        "text": "5",
        "alias": "number",
        "meta": "@sys.number",
        "userDefined": false
      }
    ],
    "isTemplate": false,
    "count": 0,
    "updated": 0
  },
  {
    "id": "b111aaac-81ed-4659-b588-3f4bc746181b",
    "data": [
      {
        "text": "Find",
        "meta": "@sys.ignore",
        "userDefined": true
      },
      {
        "text": " ",
        "userDefined": false
      },
      {
        "text": "5",
        "alias": "number",
        "meta": "@sys.number",
        "userDefined": false
      },
      {
        "text": " ",
        "userDefined": false
      },
      {
        "text": "hawker centres.",
        "meta": "@sys.ignore",
        "userDefined": true
      }
    ],
    "isTemplate": false,
    "count": 0,
    "updated": 0
  }
]