[
  {
    "id": "cf0be9ad-8e92-47d6-a94d-4d1f7c2490ef",
    "data": [
      {
        "text": "Chinese",
        "alias": "cuisine",
        "meta": "@cuisine",
        "userDefined": true
      },
      {
        "text": " food seems nice.",
        "userDefined": false
      }
    ],
    "isTemplate": false,
    "count": 0,
    "updated": 0
  },
  {
    "id": "30f72401-afba-4d1a-bab4-810d644f9909",
    "data": [
      {
        "text": "I\u0027m craving for ",
        "userDefined": false
      },
      {
        "text": "italian",
        "alias": "cuisine",
        "meta": "@cuisine",
        "userDefined": false
      },
      {
        "text": " food, can you ",
        "userDefined": false
      },
      {
        "text": "search",
        "meta": "@sys.ignore",
        "userDefined": false
      },
      {
        "text": " for ",
        "userDefined": false
      },
      {
        "text": "places",
        "meta": "@sys.ignore",
        "userDefined": false
      },
      {
        "text": " selling this?",
        "userDefined": false
      }
    ],
    "isTemplate": false,
    "count": 0,
    "updated": 0
  },
  {
    "id": "9faf09cf-7961-4889-88eb-5926ef675089",
    "data": [
      {
        "text": "I\u0027ve not tried ",
        "userDefined": false
      },
      {
        "text": "indian",
        "alias": "cuisine",
        "meta": "@cuisine",
        "userDefined": false
      },
      {
        "text": " food before, so I want to try that.",
        "userDefined": false
      }
    ],
    "isTemplate": false,
    "count": 0,
    "updated": 0
  },
  {
    "id": "781ee22d-f887-4754-b7d9-ec689f5ca8b0",
    "data": [
      {
        "text": "I\u0027ve not eaten ",
        "userDefined": false
      },
      {
        "text": "korean",
        "alias": "cuisine",
        "meta": "@cuisine",
        "userDefined": false
      },
      {
        "text": " food for a while, let\u0027s have that.",
        "userDefined": false
      }
    ],
    "isTemplate": false,
    "count": 0,
    "updated": 0
  },
  {
    "id": "aaac302b-370e-4893-8a7b-16b920df9410",
    "data": [
      {
        "text": "I prefer ",
        "userDefined": false
      },
      {
        "text": "greek",
        "alias": "cuisine",
        "meta": "@cuisine",
        "userDefined": false
      },
      {
        "text": " food.",
        "userDefined": false
      }
    ],
    "isTemplate": false,
    "count": 0,
    "updated": 0
  },
  {
    "id": "a539aceb-95ba-4b43-9e10-83af0ceb3b50",
    "data": [
      {
        "text": "I like ",
        "userDefined": false
      },
      {
        "text": "japanese",
        "alias": "cuisine",
        "meta": "@cuisine",
        "userDefined": false
      },
      {
        "text": " food.",
        "userDefined": false
      }
    ],
    "isTemplate": false,
    "count": 0,
    "updated": 0
  },
  {
    "id": "f75da27b-3f8a-4cfa-af73-0cbee73dd740",
    "data": [
      {
        "text": "let\u0027s go for ",
        "userDefined": false
      },
      {
        "text": "japanese",
        "alias": "cuisine",
        "meta": "@cuisine",
        "userDefined": false
      },
      {
        "text": " cuisine.",
        "userDefined": false
      }
    ],
    "isTemplate": false,
    "count": 0,
    "updated": 0
  },
  {
    "id": "d448b2ea-d116-41ff-a740-f7e9c03a02b2",
    "data": [
      {
        "text": "I usually have ",
        "userDefined": false
      },
      {
        "text": "mexican",
        "alias": "cuisine",
        "meta": "@cuisine",
        "userDefined": false
      },
      {
        "text": " food.",
        "userDefined": false
      }
    ],
    "isTemplate": false,
    "count": 0,
    "updated": 0
  }
]