[
  {
    "id": "e1caea43-d767-4c62-b5bc-6ac8fee19fc2",
    "data": [
      {
        "text": "ok",
        "alias": "yes",
        "meta": "@yes",
        "userDefined": true
      }
    ],
    "isTemplate": false,
    "count": 0,
    "updated": 0
  },
  {
    "id": "dca9e6f7-a027-4f6d-8819-cab94c0eb5eb",
    "data": [
      {
        "text": "yes",
        "alias": "yes",
        "meta": "@yes",
        "userDefined": true
      }
    ],
    "isTemplate": false,
    "count": 0,
    "updated": 0
  }
]