[
  {
    "id": "a39114f4-e10a-4309-8d24-e6b073b6b89f",
    "data": [
      {
        "text": "that\u0027s ",
        "userDefined": false
      },
      {
        "text": "right",
        "alias": "yes",
        "meta": "@yes",
        "userDefined": true
      }
    ],
    "isTemplate": false,
    "count": 0,
    "updated": 0
  },
  {
    "id": "e83e4913-4a29-423f-9f8c-eb365007835c",
    "data": [
      {
        "text": "yes",
        "alias": "yes",
        "meta": "@yes",
        "userDefined": true
      }
    ],
    "isTemplate": false,
    "count": 0,
    "updated": 0
  }
]