[
  {
    "id": "fa145f25-f4a6-4df4-a41b-6bc940166942",
    "data": [
      {
        "text": "I usually have ",
        "userDefined": false
      },
      {
        "text": "spanish",
        "alias": "cuisine",
        "meta": "@cuisine",
        "userDefined": false
      },
      {
        "text": " food.",
        "userDefined": false
      }
    ],
    "isTemplate": false,
    "count": 0,
    "updated": 0
  },
  {
    "id": "9bc14d0e-a334-40cc-85ca-87e5701bf896",
    "data": [
      {
        "text": "Spanish",
        "alias": "cuisine",
        "meta": "@cuisine",
        "userDefined": true
      },
      {
        "text": " cuisine sounds good.",
        "userDefined": false
      }
    ],
    "isTemplate": false,
    "count": 0,
    "updated": 0
  },
  {
    "id": "eeab2aaf-f099-4118-a68b-f0ed9b36e62b",
    "data": [
      {
        "text": "How about ",
        "userDefined": false
      },
      {
        "text": "spanish",
        "alias": "cuisine",
        "meta": "@cuisine",
        "userDefined": false
      },
      {
        "text": " cuisine?",
        "userDefined": false
      }
    ],
    "isTemplate": false,
    "count": 1,
    "updated": 0
  },
  {
    "id": "63f34a20-1b37-4471-80ff-8ded2f89270b",
    "data": [
      {
        "text": "I want to try ",
        "userDefined": false
      },
      {
        "text": "spanish",
        "alias": "cuisine",
        "meta": "@cuisine",
        "userDefined": false
      },
      {
        "text": " food.",
        "userDefined": false
      }
    ],
    "isTemplate": false,
    "count": 0,
    "updated": 0
  },
  {
    "id": "ba66e842-fa0d-4840-a1a4-92ac62bef874",
    "data": [
      {
        "text": "I crave ",
        "userDefined": false
      },
      {
        "text": "chinese",
        "alias": "cuisine",
        "meta": "@cuisine",
        "userDefined": false
      },
      {
        "text": " food.",
        "userDefined": false
      }
    ],
    "isTemplate": false,
    "count": 0,
    "updated": 0
  },
  {
    "id": "e8e8148d-fc47-4bc0-80e2-f07dd78f8c05",
    "data": [
      {
        "text": "Perhaps ",
        "userDefined": false
      },
      {
        "text": "chinese",
        "alias": "cuisine",
        "meta": "@cuisine",
        "userDefined": false
      },
      {
        "text": " cuisine?",
        "userDefined": false
      }
    ],
    "isTemplate": false,
    "count": 0,
    "updated": 0
  },
  {
    "id": "37381763-8a30-4d4e-9e10-5bedd65f5547",
    "data": [
      {
        "text": "I want ",
        "userDefined": false
      },
      {
        "text": "indonesian",
        "alias": "cuisine",
        "meta": "@cuisine",
        "userDefined": false
      },
      {
        "text": " food.",
        "userDefined": false
      }
    ],
    "isTemplate": false,
    "count": 0,
    "updated": 0
  },
  {
    "id": "53d20d1e-57d3-4e76-b664-6ae27600c964",
    "data": [
      {
        "text": "I\u0027m fond of ",
        "userDefined": false
      },
      {
        "text": "chinese",
        "alias": "cuisine",
        "meta": "@cuisine",
        "userDefined": false
      },
      {
        "text": " cuisine.",
        "userDefined": false
      }
    ],
    "isTemplate": false,
    "count": 0,
    "updated": 0
  },
  {
    "id": "b143c84f-6147-4403-a808-515ed0a8cc49",
    "data": [
      {
        "text": "I enjoy ",
        "userDefined": false
      },
      {
        "text": "chinese",
        "alias": "cuisine",
        "meta": "@cuisine",
        "userDefined": false
      },
      {
        "text": " cuisine.",
        "userDefined": false
      }
    ],
    "isTemplate": false,
    "count": 0,
    "updated": 0
  },
  {
    "id": "c486821e-8fc6-4e9a-9075-e040a15f74f7",
    "data": [
      {
        "text": "chinese",
        "alias": "cuisine",
        "meta": "@cuisine",
        "userDefined": false
      }
    ],
    "isTemplate": false,
    "count": 0,
    "updated": 0
  }
]