[
  {
    "id": "04c7274c-dc9d-4efd-91dc-1f0bf06aa514",
    "data": [
      {
        "text": "I want to try ",
        "userDefined": false
      },
      {
        "text": "spanish",
        "alias": "cuisine",
        "meta": "@cuisine",
        "userDefined": false
      },
      {
        "text": " cuisine.",
        "userDefined": false
      }
    ],
    "isTemplate": false,
    "count": 0,
    "updated": 0
  },
  {
    "id": "fd289500-34b1-4f87-a7b0-8762a3368014",
    "data": [
      {
        "text": "I\u0027m crave ",
        "userDefined": false
      },
      {
        "text": "spanish",
        "alias": "cuisine",
        "meta": "@cuisine",
        "userDefined": false
      },
      {
        "text": " food.",
        "userDefined": false
      }
    ],
    "isTemplate": false,
    "count": 0,
    "updated": 0
  },
  {
    "id": "4a3fc269-7589-475b-9d16-ea2b9d8683ef",
    "data": [
      {
        "text": "Can I have ",
        "userDefined": false
      },
      {
        "text": "spanish",
        "alias": "cuisine",
        "meta": "@cuisine",
        "userDefined": false
      },
      {
        "text": " cuisine?",
        "userDefined": false
      }
    ],
    "isTemplate": false,
    "count": 0,
    "updated": 0
  },
  {
    "id": "befafff1-39ce-415f-8964-7d164c4b796b",
    "data": [
      {
        "text": "I like ",
        "userDefined": false
      },
      {
        "text": "spanish",
        "alias": "cuisine",
        "meta": "@cuisine",
        "userDefined": false
      },
      {
        "text": " food.",
        "userDefined": false
      }
    ],
    "isTemplate": false,
    "count": 0,
    "updated": 0
  },
  {
    "id": "b5a127a8-3c55-4c2e-afad-3aaeab280376",
    "data": [
      {
        "text": "Spanish",
        "alias": "cuisine",
        "meta": "@cuisine",
        "userDefined": false
      },
      {
        "text": " food is my favourite,",
        "userDefined": false
      }
    ],
    "isTemplate": false,
    "count": 0,
    "updated": 0
  },
  {
    "id": "58e03a2e-ec4d-4820-91f8-37c7522c6245",
    "data": [
      {
        "text": "I haven\u0027t had ",
        "userDefined": false
      },
      {
        "text": "chinese",
        "meta": "@sys.ignore",
        "userDefined": false
      },
      {
        "text": " food in a while, please find me ",
        "userDefined": false
      },
      {
        "text": "chinese",
        "alias": "cuisine",
        "meta": "@cuisine",
        "userDefined": false
      },
      {
        "text": " ",
        "userDefined": false
      },
      {
        "text": "restaurants",
        "meta": "@sys.ignore",
        "userDefined": false
      },
      {
        "text": ".",
        "userDefined": false
      }
    ],
    "isTemplate": false,
    "count": 0,
    "updated": 0
  },
  {
    "id": "0c864b59-5963-472b-abe9-f00dd6c6219a",
    "data": [
      {
        "text": "I prefer ",
        "userDefined": false
      },
      {
        "text": "chinese",
        "alias": "cuisine",
        "meta": "@cuisine",
        "userDefined": false
      },
      {
        "text": " food.",
        "userDefined": false
      }
    ],
    "isTemplate": false,
    "count": 0,
    "updated": 0
  },
  {
    "id": "a6edc2e3-62e5-456e-968f-a7216f5ab7f6",
    "data": [
      {
        "text": "I want to ",
        "userDefined": false
      },
      {
        "text": "find",
        "meta": "@sys.ignore",
        "userDefined": false
      },
      {
        "text": " ",
        "userDefined": false
      },
      {
        "text": "chinese",
        "alias": "cuisine",
        "meta": "@cuisine",
        "userDefined": false
      },
      {
        "text": " cuisine",
        "userDefined": false
      }
    ],
    "isTemplate": false,
    "count": 0,
    "updated": 0
  },
  {
    "id": "38f8e2e6-aaaa-460f-bcce-0a82e9bc9699",
    "data": [
      {
        "text": "chinese",
        "alias": "cuisine",
        "meta": "@cuisine",
        "userDefined": false
      }
    ],
    "isTemplate": false,
    "count": 0,
    "updated": 0
  }
]