[
  {
    "id": "3f15ed41-e2de-4133-808a-0fda3a491dbb",
    "data": [
      {
        "text": "I want to find ",
        "userDefined": false
      },
      {
        "text": "5",
        "alias": "number",
        "meta": "@sys.number",
        "userDefined": false
      },
      {
        "text": " ",
        "userDefined": false
      },
      {
        "text": "hawker centres",
        "alias": "hawkerCentre",
        "meta": "@hawkerCentre",
        "userDefined": true
      },
      {
        "text": ".",
        "userDefined": false
      }
    ],
    "isTemplate": false,
    "count": 0,
    "updated": 0
  },
  {
    "id": "91189ea3-07c5-4c30-8bd8-bcbd6f84a909",
    "data": [
      {
        "text": "I like ",
        "userDefined": false
      },
      {
        "text": "hawker centres",
        "alias": "hawkerCentre",
        "meta": "@hawkerCentre",
        "userDefined": true
      },
      {
        "text": ". Can you recommend ",
        "userDefined": false
      },
      {
        "text": "5",
        "alias": "number",
        "meta": "@sys.number",
        "userDefined": false
      },
      {
        "text": " places?",
        "userDefined": false
      }
    ],
    "isTemplate": false,
    "count": 0,
    "updated": 0
  },
  {
    "id": "bbac5f08-f901-4bc0-bc1f-baeca47e8c59",
    "data": [
      {
        "text": "Can you recommend ",
        "userDefined": false
      },
      {
        "text": "5",
        "alias": "number",
        "meta": "@sys.number",
        "userDefined": false
      },
      {
        "text": " ",
        "userDefined": false
      },
      {
        "text": "hawker centres",
        "alias": "hawkerCentre",
        "meta": "@hawkerCentre",
        "userDefined": true
      },
      {
        "text": "?",
        "userDefined": false
      }
    ],
    "isTemplate": false,
    "count": 1,
    "updated": 0
  },
  {
    "id": "67c57bca-d3c5-41a9-b5cd-17402ffcb676",
    "data": [
      {
        "text": "I want to dine at ",
        "userDefined": false
      },
      {
        "text": "hawker centres",
        "alias": "hawkerCentre",
        "meta": "@hawkerCentre",
        "userDefined": true
      },
      {
        "text": ". Can you find ",
        "userDefined": false
      },
      {
        "text": "5",
        "alias": "number",
        "meta": "@sys.number",
        "userDefined": false
      },
      {
        "text": " places?",
        "userDefined": false
      }
    ],
    "isTemplate": false,
    "count": 0,
    "updated": 0
  },
  {
    "id": "5a49b6c5-4ecc-4227-88f0-fcb412eedc8c",
    "data": [
      {
        "text": "Please find ",
        "userDefined": false
      },
      {
        "text": "5",
        "alias": "number",
        "meta": "@sys.number",
        "userDefined": false
      },
      {
        "text": " ",
        "userDefined": false
      },
      {
        "text": "hawker centres",
        "alias": "hawkerCentre",
        "meta": "@hawkerCentre",
        "userDefined": true
      },
      {
        "text": ".",
        "userDefined": false
      }
    ],
    "isTemplate": false,
    "count": 0,
    "updated": 0
  }
]