[
  {
    "id": "57564d44-4581-400a-9aea-6dd0660c5e8e",
    "data": [
      {
        "text": "Chinese",
        "alias": "cuisine",
        "meta": "@cuisine",
        "userDefined": true
      },
      {
        "text": " food seems nice.",
        "userDefined": false
      }
    ],
    "isTemplate": false,
    "count": 0,
    "updated": 0
  },
  {
    "id": "e1e862a0-63fe-4df8-9602-8a5e099769bf",
    "data": [
      {
        "text": "I\u0027m craving for ",
        "userDefined": false
      },
      {
        "text": "italian",
        "alias": "cuisine",
        "meta": "@cuisine",
        "userDefined": false
      },
      {
        "text": " food, can you ",
        "userDefined": false
      },
      {
        "text": "search",
        "meta": "@sys.ignore",
        "userDefined": false
      },
      {
        "text": " for ",
        "userDefined": false
      },
      {
        "text": "places",
        "meta": "@sys.ignore",
        "userDefined": false
      },
      {
        "text": " selling this?",
        "userDefined": false
      }
    ],
    "isTemplate": false,
    "count": 0,
    "updated": 0
  },
  {
    "id": "75b2dfeb-268f-4e11-9d6a-d0d0442f4bc8",
    "data": [
      {
        "text": "I\u0027ve not tried ",
        "userDefined": false
      },
      {
        "text": "indian",
        "alias": "cuisine",
        "meta": "@cuisine",
        "userDefined": false
      },
      {
        "text": " food before, so I want to try that.",
        "userDefined": false
      }
    ],
    "isTemplate": false,
    "count": 0,
    "updated": 0
  },
  {
    "id": "d74d2a94-eef0-40da-b64c-f3197844b471",
    "data": [
      {
        "text": "I\u0027ve not eaten ",
        "userDefined": false
      },
      {
        "text": "korean",
        "alias": "cuisine",
        "meta": "@cuisine",
        "userDefined": false
      },
      {
        "text": " food for a while, let\u0027s have that.",
        "userDefined": false
      }
    ],
    "isTemplate": false,
    "count": 0,
    "updated": 0
  },
  {
    "id": "9db4692d-eb32-4b38-ae09-8ade3dfc2221",
    "data": [
      {
        "text": "I prefer ",
        "userDefined": false
      },
      {
        "text": "greek",
        "alias": "cuisine",
        "meta": "@cuisine",
        "userDefined": false
      },
      {
        "text": " food.",
        "userDefined": false
      }
    ],
    "isTemplate": false,
    "count": 0,
    "updated": 0
  },
  {
    "id": "fc5a4268-39e3-4692-9d86-eb0fe5d8f747",
    "data": [
      {
        "text": "I like ",
        "userDefined": false
      },
      {
        "text": "japanese",
        "alias": "cuisine",
        "meta": "@cuisine",
        "userDefined": false
      },
      {
        "text": " food.",
        "userDefined": false
      }
    ],
    "isTemplate": false,
    "count": 0,
    "updated": 0
  },
  {
    "id": "aeefe4f4-894f-4c59-9a17-07c1be61ab5a",
    "data": [
      {
        "text": "let\u0027s go for ",
        "userDefined": false
      },
      {
        "text": "japanese",
        "alias": "cuisine",
        "meta": "@cuisine",
        "userDefined": false
      },
      {
        "text": " cuisine.",
        "userDefined": false
      }
    ],
    "isTemplate": false,
    "count": 0,
    "updated": 0
  },
  {
    "id": "03180f6e-146c-4fb4-99a8-172b547697af",
    "data": [
      {
        "text": "I usually have ",
        "userDefined": false
      },
      {
        "text": "mexican",
        "alias": "cuisine",
        "meta": "@cuisine",
        "userDefined": false
      },
      {
        "text": " food.",
        "userDefined": false
      }
    ],
    "isTemplate": false,
    "count": 0,
    "updated": 0
  }
]