[
  {
    "id": "b4a320ac-6ca7-4141-8bf0-d9cb803f20f7",
    "data": [
      {
        "text": "I want to try ",
        "userDefined": false
      },
      {
        "text": "spanish",
        "alias": "cuisine",
        "meta": "@cuisine",
        "userDefined": false
      },
      {
        "text": " cuisine.",
        "userDefined": false
      }
    ],
    "isTemplate": false,
    "count": 0,
    "updated": 0
  },
  {
    "id": "a743c079-e164-474c-84e2-876f408b88ba",
    "data": [
      {
        "text": "I\u0027m crave ",
        "userDefined": false
      },
      {
        "text": "spanish",
        "alias": "cuisine",
        "meta": "@cuisine",
        "userDefined": false
      },
      {
        "text": " food.",
        "userDefined": false
      }
    ],
    "isTemplate": false,
    "count": 0,
    "updated": 0
  },
  {
    "id": "524a71d6-b5b0-4994-8fe1-6cb53017e5ad",
    "data": [
      {
        "text": "Can I have ",
        "userDefined": false
      },
      {
        "text": "spanish",
        "alias": "cuisine",
        "meta": "@cuisine",
        "userDefined": false
      },
      {
        "text": " cuisine?",
        "userDefined": false
      }
    ],
    "isTemplate": false,
    "count": 0,
    "updated": 0
  },
  {
    "id": "f2ba6805-83d9-4320-a4ea-5cf75539f0bd",
    "data": [
      {
        "text": "I like ",
        "userDefined": false
      },
      {
        "text": "spanish",
        "alias": "cuisine",
        "meta": "@cuisine",
        "userDefined": false
      },
      {
        "text": " food.",
        "userDefined": false
      }
    ],
    "isTemplate": false,
    "count": 0,
    "updated": 0
  },
  {
    "id": "5e54006c-f0d3-4f65-a4d9-48dd2ea39490",
    "data": [
      {
        "text": "Spanish",
        "alias": "cuisine",
        "meta": "@cuisine",
        "userDefined": false
      },
      {
        "text": " food is my favourite,",
        "userDefined": false
      }
    ],
    "isTemplate": false,
    "count": 0,
    "updated": 0
  },
  {
    "id": "6c4d946a-aeee-4c54-8794-98a7fb4cb424",
    "data": [
      {
        "text": "I haven\u0027t had ",
        "userDefined": false
      },
      {
        "text": "chinese",
        "meta": "@sys.ignore",
        "userDefined": false
      },
      {
        "text": " food in a while, please find me ",
        "userDefined": false
      },
      {
        "text": "chinese",
        "alias": "cuisine",
        "meta": "@cuisine",
        "userDefined": false
      },
      {
        "text": " ",
        "userDefined": false
      },
      {
        "text": "restaurants",
        "meta": "@sys.ignore",
        "userDefined": false
      },
      {
        "text": ".",
        "userDefined": false
      }
    ],
    "isTemplate": false,
    "count": 0,
    "updated": 0
  },
  {
    "id": "4ec1526e-49aa-4d1e-8146-8ce24e5c94b5",
    "data": [
      {
        "text": "I prefer ",
        "userDefined": false
      },
      {
        "text": "chinese",
        "alias": "cuisine",
        "meta": "@cuisine",
        "userDefined": false
      },
      {
        "text": " food.",
        "userDefined": false
      }
    ],
    "isTemplate": false,
    "count": 0,
    "updated": 0
  },
  {
    "id": "8a229da3-aeab-484e-bf37-0099985fb085",
    "data": [
      {
        "text": "I want to ",
        "userDefined": false
      },
      {
        "text": "find",
        "meta": "@sys.ignore",
        "userDefined": false
      },
      {
        "text": " ",
        "userDefined": false
      },
      {
        "text": "chinese",
        "alias": "cuisine",
        "meta": "@cuisine",
        "userDefined": false
      },
      {
        "text": " cuisine",
        "userDefined": false
      }
    ],
    "isTemplate": false,
    "count": 0,
    "updated": 0
  },
  {
    "id": "e0a3c950-7cb6-41f4-9310-d0fbfbac3048",
    "data": [
      {
        "text": "chinese",
        "alias": "cuisine",
        "meta": "@cuisine",
        "userDefined": false
      }
    ],
    "isTemplate": false,
    "count": 0,
    "updated": 0
  }
]