[
  {
    "id": "6cfe45b6-10bb-4513-aff7-cad616d16032",
    "data": [
      {
        "text": "ok",
        "alias": "yes",
        "meta": "@yes",
        "userDefined": true
      }
    ],
    "isTemplate": false,
    "count": 0,
    "updated": 0
  },
  {
    "id": "1cb54c3a-9df5-42b4-9546-d891a2ed305f",
    "data": [
      {
        "text": "yes",
        "alias": "yes",
        "meta": "@yes",
        "userDefined": true
      }
    ],
    "isTemplate": false,
    "count": 0,
    "updated": 0
  }
]