[
  {
    "id": "871a38e3-8c82-4031-a59b-c55f6b704c84",
    "data": [
      {
        "text": "我想知道什么是",
        "userDefined": false
      },
      {
        "text": "popiah",
        "alias": "foodItem",
        "meta": "@foodItem",
        "userDefined": true
      }
    ],
    "isTemplate": false,
    "count": 0,
    "updated": 0
  },
  {
    "id": "11ece025-4627-4f07-b78f-dd0e89a53db9",
    "data": [
      {
        "text": "什么是",
        "userDefined": false
      },
      {
        "text": "laksa",
        "alias": "foodItem",
        "meta": "@foodItem",
        "userDefined": true
      }
    ],
    "isTemplate": false,
    "count": 0,
    "updated": 0
  },
  {
    "id": "13e2863a-4654-48f5-b92b-726d3b983f98",
    "data": [
      {
        "text": "什么是",
        "userDefined": false
      },
      {
        "text": "汤圆",
        "alias": "foodItem",
        "meta": "@foodItem",
        "userDefined": true
      }
    ],
    "isTemplate": false,
    "count": 0,
    "updated": 0
  },
  {
    "id": "12a88fa8-f4be-4015-891b-51d679d9041c",
    "data": [
      {
        "text": "tell me more about ",
        "userDefined": false
      },
      {
        "text": "yong tau foo",
        "alias": "foodItem",
        "meta": "@foodItem",
        "userDefined": true
      }
    ],
    "isTemplate": false,
    "count": 0,
    "updated": 0
  },
  {
    "id": "8f0fd3f3-a959-44ce-bf40-5c2900da8b1d",
    "data": [
      {
        "text": "i don\u0027t know what is ",
        "userDefined": false
      },
      {
        "text": "wanton mee",
        "alias": "foodItem",
        "meta": "@foodItem",
        "userDefined": true
      }
    ],
    "isTemplate": false,
    "count": 0,
    "updated": 0
  },
  {
    "id": "6cc6a809-862d-4fd5-8d00-1a666771195a",
    "data": [
      {
        "text": "hey what is ",
        "userDefined": false
      },
      {
        "text": "popiah",
        "alias": "foodItem",
        "meta": "@foodItem",
        "userDefined": true
      }
    ],
    "isTemplate": false,
    "count": 0,
    "updated": 0
  },
  {
    "id": "937e11bc-3163-4e9e-9b69-f1147eff8b7f",
    "data": [
      {
        "text": "describe ",
        "userDefined": false
      },
      {
        "text": "nasi lemak",
        "alias": "foodItem",
        "meta": "@foodItem",
        "userDefined": true
      },
      {
        "text": " to me please",
        "userDefined": false
      }
    ],
    "isTemplate": false,
    "count": 0,
    "updated": 0
  },
  {
    "id": "cb69872e-27ff-4902-a571-48159c5e1dcd",
    "data": [
      {
        "text": "what is ",
        "userDefined": false
      },
      {
        "text": "ice kachang",
        "alias": "foodItem",
        "meta": "@foodItem",
        "userDefined": true
      }
    ],
    "isTemplate": false,
    "count": 0,
    "updated": 0
  },
  {
    "id": "2a5639a9-4111-43e3-8296-27041df3719e",
    "data": [
      {
        "text": "what\u0027s ",
        "userDefined": false
      },
      {
        "text": "Fishball Noodles",
        "alias": "foodItem",
        "meta": "@foodItem",
        "userDefined": true
      }
    ],
    "isTemplate": false,
    "count": 0,
    "updated": 0
  },
  {
    "id": "e0b04a38-69c7-42d3-b3f2-6b62a5bb570f",
    "data": [
      {
        "text": "what is this ",
        "userDefined": false
      },
      {
        "text": "Hokkien Mee",
        "alias": "foodItem",
        "meta": "@foodItem",
        "userDefined": true
      },
      {
        "text": " that I keep hearing about",
        "userDefined": false
      }
    ],
    "isTemplate": false,
    "count": 0,
    "updated": 0
  },
  {
    "id": "05b0f30f-536b-42c1-89ab-c8046327a8b5",
    "data": [
      {
        "text": "can you tell me about ",
        "userDefined": false
      },
      {
        "text": "carrot cake",
        "alias": "foodItem",
        "meta": "@foodItem",
        "userDefined": true
      },
      {
        "text": "?",
        "userDefined": false
      }
    ],
    "isTemplate": false,
    "count": 0,
    "updated": 0
  },
  {
    "id": "646f683c-5b48-4306-ae63-85ce47bd5add",
    "data": [
      {
        "text": "what is ",
        "userDefined": false
      },
      {
        "text": "laksa",
        "alias": "foodItem",
        "meta": "@foodItem",
        "userDefined": true
      }
    ],
    "isTemplate": false,
    "count": 0,
    "updated": 0
  }
]