[
  {
    "id": "a1dd4d1e-4dc4-46df-acd8-4b0613d307f4",
    "data": [
      {
        "text": "我想知道什么是",
        "userDefined": false
      },
      {
        "text": "popiah",
        "alias": "foodItem",
        "meta": "@foodItem",
        "userDefined": true
      }
    ],
    "isTemplate": false,
    "count": 0,
    "updated": 0
  },
  {
    "id": "897a1f79-264f-4143-b117-48fecb4acb6f",
    "data": [
      {
        "text": "什么是",
        "userDefined": false
      },
      {
        "text": "laksa",
        "alias": "foodItem",
        "meta": "@foodItem",
        "userDefined": true
      }
    ],
    "isTemplate": false,
    "count": 0,
    "updated": 0
  },
  {
    "id": "9fe3887a-d181-4676-8c64-5857bb0c6cfc",
    "data": [
      {
        "text": "什么是",
        "userDefined": false
      },
      {
        "text": "汤圆",
        "alias": "foodItem",
        "meta": "@foodItem",
        "userDefined": true
      }
    ],
    "isTemplate": false,
    "count": 0,
    "updated": 0
  },
  {
    "id": "c3eb889c-7d53-43ef-a1d5-7166788b84d1",
    "data": [
      {
        "text": "tell me more about ",
        "userDefined": false
      },
      {
        "text": "yong tau foo",
        "alias": "foodItem",
        "meta": "@foodItem",
        "userDefined": true
      }
    ],
    "isTemplate": false,
    "count": 0,
    "updated": 0
  },
  {
    "id": "36db0d69-203a-46be-b046-d3ef8543aa06",
    "data": [
      {
        "text": "i don\u0027t know what is ",
        "userDefined": false
      },
      {
        "text": "wanton mee",
        "alias": "foodItem",
        "meta": "@foodItem",
        "userDefined": true
      }
    ],
    "isTemplate": false,
    "count": 0,
    "updated": 0
  },
  {
    "id": "78119d83-7e5b-44a8-b9b8-c78043a6963a",
    "data": [
      {
        "text": "hey what is ",
        "userDefined": false
      },
      {
        "text": "popiah",
        "alias": "foodItem",
        "meta": "@foodItem",
        "userDefined": true
      }
    ],
    "isTemplate": false,
    "count": 0,
    "updated": 0
  },
  {
    "id": "d9dafb80-e739-47eb-af32-5f9c61d8bbd8",
    "data": [
      {
        "text": "describe ",
        "userDefined": false
      },
      {
        "text": "nasi lemak",
        "alias": "foodItem",
        "meta": "@foodItem",
        "userDefined": true
      },
      {
        "text": " to me please",
        "userDefined": false
      }
    ],
    "isTemplate": false,
    "count": 0,
    "updated": 0
  },
  {
    "id": "9fb51cdb-3556-47fd-a28f-8f70780c5a8a",
    "data": [
      {
        "text": "what is ",
        "userDefined": false
      },
      {
        "text": "ice kachang",
        "alias": "foodItem",
        "meta": "@foodItem",
        "userDefined": true
      }
    ],
    "isTemplate": false,
    "count": 0,
    "updated": 0
  },
  {
    "id": "c218f6d8-93ad-4d76-98cb-4e9d1625aca1",
    "data": [
      {
        "text": "what\u0027s ",
        "userDefined": false
      },
      {
        "text": "Fishball Noodles",
        "alias": "foodItem",
        "meta": "@foodItem",
        "userDefined": true
      }
    ],
    "isTemplate": false,
    "count": 0,
    "updated": 0
  },
  {
    "id": "2a097410-9628-429e-8b0e-a4c33a3263b9",
    "data": [
      {
        "text": "what is this ",
        "userDefined": false
      },
      {
        "text": "Hokkien Mee",
        "alias": "foodItem",
        "meta": "@foodItem",
        "userDefined": true
      },
      {
        "text": " that I keep hearing about",
        "userDefined": false
      }
    ],
    "isTemplate": false,
    "count": 0,
    "updated": 0
  },
  {
    "id": "bac8f35b-db1a-4543-87c6-b157f8abfce5",
    "data": [
      {
        "text": "can you tell me about ",
        "userDefined": false
      },
      {
        "text": "carrot cake",
        "alias": "foodItem",
        "meta": "@foodItem",
        "userDefined": true
      },
      {
        "text": "?",
        "userDefined": false
      }
    ],
    "isTemplate": false,
    "count": 0,
    "updated": 0
  },
  {
    "id": "a39cce12-ea7b-48d5-a119-b4a9dcf70805",
    "data": [
      {
        "text": "what is ",
        "userDefined": false
      },
      {
        "text": "laksa",
        "alias": "foodItem",
        "meta": "@foodItem",
        "userDefined": true
      }
    ],
    "isTemplate": false,
    "count": 0,
    "updated": 0
  }
]