[
  {
    "id": "62e02314-d37d-4aa8-8c6e-4eab8c71283c",
    "data": [
      {
        "text": "I\u0027m not going to wait for you",
        "userDefined": false
      }
    ],
    "isTemplate": false,
    "count": 0,
    "updated": 0
  },
  {
    "id": "0153598e-a8ba-403d-bb2c-d706bffbd49e",
    "data": [
      {
        "text": "I don\u0027t want to talk about hobbies",
        "userDefined": false
      }
    ],
    "isTemplate": false,
    "count": 0,
    "updated": 0
  },
  {
    "id": "38cf0696-36be-4a0c-858f-1049fe1cbe3e",
    "data": [
      {
        "text": "I love spring",
        "userDefined": false
      }
    ],
    "isTemplate": false,
    "count": 0,
    "updated": 0
  },
  {
    "id": "45392e93-2968-4f1c-8f20-07e5aa9f4494",
    "data": [
      {
        "text": "the weather if beautiful",
        "userDefined": false
      }
    ],
    "isTemplate": false,
    "count": 0,
    "updated": 0
  },
  {
    "id": "7e29595e-91e2-4c79-bbce-52285e9335f7",
    "data": [
      {
        "text": "I didn\u0027t say I\u0027m sad",
        "userDefined": false
      }
    ],
    "isTemplate": false,
    "count": 0,
    "updated": 0
  },
  {
    "id": "4c90f44b-1444-49b0-af0b-83d578e7c7fa",
    "data": [
      {
        "text": "I\u0027m not interested in your age",
        "userDefined": false
      }
    ],
    "isTemplate": false,
    "count": 0,
    "updated": 0
  }
]