[
  {
    "id": "910dae97-b3de-4e72-b008-c33ae8a1eb82",
    "data": [
      {
        "text": "Anything",
        "alias": "RestaurantNoPreferredLocation",
        "meta": "@RestaurantNoPreferredLocation",
        "userDefined": false
      }
    ],
    "isTemplate": false,
    "count": 0,
    "updated": 0
  },
  {
    "id": "48e93bad-26e8-4d18-a2ab-37140ed16f39",
    "data": [
      {
        "text": "Anywhere",
        "alias": "RestaurantNoPreferredLocation",
        "meta": "@RestaurantNoPreferredLocation",
        "userDefined": true
      }
    ],
    "isTemplate": false,
    "count": 0,
    "updated": 0
  },
  {
    "id": "0dff69c4-2a50-4e6d-85b7-dcdd90caa7d9",
    "data": [
      {
        "text": "Nope",
        "alias": "RestaurantNoPreferredLocation",
        "meta": "@RestaurantNoPreferredLocation",
        "userDefined": true
      }
    ],
    "isTemplate": false,
    "count": 0,
    "updated": 0
  },
  {
    "id": "7ff6be8a-6ea0-4c51-b043-db52302a047b",
    "data": [
      {
        "text": "I don\u0027t know. ",
        "userDefined": false
      },
      {
        "text": "Anything",
        "alias": "RestaurantNoPreferredLocation",
        "meta": "@RestaurantNoPreferredLocation",
        "userDefined": true
      }
    ],
    "isTemplate": false,
    "count": 0,
    "updated": 0
  },
  {
    "id": "3487f123-b1bd-41fc-878c-6b9ba2d8f96d",
    "data": [
      {
        "text": "Maybe someplace in the ",
        "userDefined": false
      },
      {
        "text": "west",
        "alias": "location",
        "meta": "@sys.location",
        "userDefined": true
      },
      {
        "text": "?",
        "userDefined": false
      }
    ],
    "isTemplate": false,
    "count": 0,
    "updated": 0
  },
  {
    "id": "0b02fe14-36c6-4078-aaae-218c2a9a7f78",
    "data": [
      {
        "text": "Somewhere in ",
        "userDefined": false
      },
      {
        "text": "Bishan",
        "alias": "location",
        "meta": "@sys.location",
        "userDefined": true
      }
    ],
    "isTemplate": false,
    "count": 0,
    "updated": 0
  },
  {
    "id": "0d470520-ccb1-4410-95e8-c518ebfdf2d4",
    "data": [
      {
        "text": "Orchard Road",
        "alias": "location",
        "meta": "@sys.location",
        "userDefined": true
      }
    ],
    "isTemplate": false,
    "count": 0,
    "updated": 0
  },
  {
    "id": "e5a93665-371c-4c8e-ab74-8c0da0f039f0",
    "data": [
      {
        "text": "Anywhere",
        "alias": "RestaurantNoPreferredLocation",
        "meta": "@RestaurantNoPreferredLocation",
        "userDefined": true
      },
      {
        "text": " is fine",
        "userDefined": false
      }
    ],
    "isTemplate": false,
    "count": 0,
    "updated": 0
  },
  {
    "id": "7b3bc201-fd01-4083-a694-e2c920d59563",
    "data": [
      {
        "text": "None",
        "alias": "RestaurantNoPreferredLocation",
        "meta": "@RestaurantNoPreferredLocation",
        "userDefined": true
      }
    ],
    "isTemplate": false,
    "count": 0,
    "updated": 0
  }
]