[
  {
    "id": "5bc31c85-8d3f-49b6-8f78-9d3994c88470",
    "data": [
      {
        "text": "no",
        "alias": "no",
        "meta": "@no",
        "userDefined": false
      },
      {
        "text": " i made a mistake",
        "userDefined": false
      }
    ],
    "isTemplate": false,
    "count": 0,
    "updated": 0
  },
  {
    "id": "5c05b2c8-685f-4fe8-8dc4-d4026acc8c50",
    "data": [
      {
        "text": "no",
        "alias": "no",
        "meta": "@no",
        "userDefined": false
      },
      {
        "text": " i want to search for something else",
        "userDefined": false
      }
    ],
    "isTemplate": false,
    "count": 0,
    "updated": 0
  },
  {
    "id": "97c953df-dfb5-4c39-846b-c3a5a6ba2bb4",
    "data": [
      {
        "text": "sorry ",
        "userDefined": false
      },
      {
        "text": "no",
        "alias": "no",
        "meta": "@no",
        "userDefined": false
      }
    ],
    "isTemplate": false,
    "count": 0,
    "updated": 0
  },
  {
    "id": "f5e48526-fd12-4345-b1cb-afe1adac9585",
    "data": [
      {
        "text": "no",
        "alias": "no",
        "meta": "@no",
        "userDefined": false
      },
      {
        "text": " i changed my mind",
        "userDefined": false
      }
    ],
    "isTemplate": false,
    "count": 0,
    "updated": 0
  }
]