[
  {
    "id": "414f84e6-4709-4929-9129-3afe4593697a",
    "data": [
      {
        "text": "Chinese",
        "alias": "cuisine",
        "meta": "@cuisine",
        "userDefined": true
      },
      {
        "text": " food seems nice.",
        "userDefined": false
      }
    ],
    "isTemplate": false,
    "count": 0,
    "updated": 0
  },
  {
    "id": "f47447e2-575c-435c-b31f-0a16384a851b",
    "data": [
      {
        "text": "I\u0027m craving for ",
        "userDefined": false
      },
      {
        "text": "italian",
        "alias": "cuisine",
        "meta": "@cuisine",
        "userDefined": false
      },
      {
        "text": " food, can you ",
        "userDefined": false
      },
      {
        "text": "search",
        "meta": "@sys.ignore",
        "userDefined": false
      },
      {
        "text": " for ",
        "userDefined": false
      },
      {
        "text": "places",
        "meta": "@sys.ignore",
        "userDefined": false
      },
      {
        "text": " selling this?",
        "userDefined": false
      }
    ],
    "isTemplate": false,
    "count": 0,
    "updated": 0
  },
  {
    "id": "87d87c8f-2d3c-4fb9-97a0-13e792821843",
    "data": [
      {
        "text": "I\u0027ve not tried ",
        "userDefined": false
      },
      {
        "text": "indian",
        "alias": "cuisine",
        "meta": "@cuisine",
        "userDefined": false
      },
      {
        "text": " food before, so I want to try that.",
        "userDefined": false
      }
    ],
    "isTemplate": false,
    "count": 0,
    "updated": 0
  },
  {
    "id": "721c14db-113e-41e0-9ab5-207e29a88f15",
    "data": [
      {
        "text": "I\u0027ve not eaten ",
        "userDefined": false
      },
      {
        "text": "korean",
        "alias": "cuisine",
        "meta": "@cuisine",
        "userDefined": false
      },
      {
        "text": " food for a while, let\u0027s have that.",
        "userDefined": false
      }
    ],
    "isTemplate": false,
    "count": 0,
    "updated": 0
  },
  {
    "id": "4c8bba3e-427a-481d-8462-f63270fc6dc7",
    "data": [
      {
        "text": "I prefer ",
        "userDefined": false
      },
      {
        "text": "greek",
        "alias": "cuisine",
        "meta": "@cuisine",
        "userDefined": false
      },
      {
        "text": " food.",
        "userDefined": false
      }
    ],
    "isTemplate": false,
    "count": 0,
    "updated": 0
  },
  {
    "id": "cf67ea9c-5f33-4f2d-bf09-68e3c381e852",
    "data": [
      {
        "text": "I like ",
        "userDefined": false
      },
      {
        "text": "japanese",
        "alias": "cuisine",
        "meta": "@cuisine",
        "userDefined": false
      },
      {
        "text": " food.",
        "userDefined": false
      }
    ],
    "isTemplate": false,
    "count": 0,
    "updated": 0
  },
  {
    "id": "b916d61d-23e0-4708-8d5c-36d1c154c5c2",
    "data": [
      {
        "text": "let\u0027s go for ",
        "userDefined": false
      },
      {
        "text": "japanese",
        "alias": "cuisine",
        "meta": "@cuisine",
        "userDefined": false
      },
      {
        "text": " cuisine.",
        "userDefined": false
      }
    ],
    "isTemplate": false,
    "count": 0,
    "updated": 0
  },
  {
    "id": "cdba4d2a-68e8-4534-b36a-72dad9b87948",
    "data": [
      {
        "text": "I usually have ",
        "userDefined": false
      },
      {
        "text": "mexican",
        "alias": "cuisine",
        "meta": "@cuisine",
        "userDefined": false
      },
      {
        "text": " food.",
        "userDefined": false
      }
    ],
    "isTemplate": false,
    "count": 0,
    "updated": 0
  }
]