[
  {
    "id": "4a9980ca-dee0-4941-9e01-c0ae235171ea",
    "data": [
      {
        "text": "well, around ",
        "userDefined": false
      },
      {
        "text": "5",
        "alias": "number",
        "meta": "@sys.number",
        "userDefined": true
      },
      {
        "text": ".",
        "userDefined": false
      }
    ],
    "isTemplate": false,
    "count": 0,
    "updated": 0
  },
  {
    "id": "eec39384-7a2c-44d3-92e8-b01f307a5e8f",
    "data": [
      {
        "text": "Can i have ",
        "userDefined": false
      },
      {
        "text": "8",
        "alias": "number",
        "meta": "@sys.number",
        "userDefined": false
      },
      {
        "text": " ",
        "userDefined": false
      },
      {
        "text": "locations?",
        "meta": "@sys.ignore",
        "userDefined": false
      }
    ],
    "isTemplate": false,
    "count": 0,
    "updated": 0
  },
  {
    "id": "ca1d2b3a-fa3b-4b19-a7dd-d0cfabb9b56d",
    "data": [
      {
        "text": "5",
        "alias": "number",
        "meta": "@sys.number",
        "userDefined": false
      },
      {
        "text": " will do.",
        "userDefined": false
      }
    ],
    "isTemplate": false,
    "count": 0,
    "updated": 0
  },
  {
    "id": "f2571788-dc17-4a51-a3c8-ec44fa006e81",
    "data": [
      {
        "text": "Maybe ",
        "userDefined": false
      },
      {
        "text": "5.",
        "meta": "@sys.ignore",
        "userDefined": false
      }
    ],
    "isTemplate": false,
    "count": 0,
    "updated": 0
  },
  {
    "id": "a9b30fc2-be99-4f16-bcf5-e16294a94dda",
    "data": [
      {
        "text": "How about ",
        "userDefined": false
      },
      {
        "text": "5",
        "alias": "number",
        "meta": "@sys.number",
        "userDefined": false
      },
      {
        "text": "?",
        "userDefined": false
      }
    ],
    "isTemplate": false,
    "count": 0,
    "updated": 0
  },
  {
    "id": "9b01f4fc-d1a4-4e6e-b645-7b2ee380a1e4",
    "data": [
      {
        "text": "Find",
        "meta": "@sys.ignore",
        "userDefined": true
      },
      {
        "text": " ",
        "userDefined": false
      },
      {
        "text": "5",
        "alias": "number",
        "meta": "@sys.number",
        "userDefined": false
      },
      {
        "text": " ",
        "userDefined": false
      },
      {
        "text": "places.",
        "meta": "@sys.ignore",
        "userDefined": true
      }
    ],
    "isTemplate": false,
    "count": 1,
    "updated": 0
  },
  {
    "id": "704006fb-b868-40e0-a78d-90d3217c45d2",
    "data": [
      {
        "text": "5",
        "alias": "number",
        "meta": "@sys.number",
        "userDefined": false
      }
    ],
    "isTemplate": false,
    "count": 0,
    "updated": 0
  },
  {
    "id": "287a7d5c-396a-4896-848d-945384fd73b2",
    "data": [
      {
        "text": "Find",
        "meta": "@sys.ignore",
        "userDefined": true
      },
      {
        "text": " ",
        "userDefined": false
      },
      {
        "text": "5",
        "alias": "number",
        "meta": "@sys.number",
        "userDefined": false
      },
      {
        "text": " ",
        "userDefined": false
      },
      {
        "text": "hawker centres.",
        "meta": "@sys.ignore",
        "userDefined": true
      }
    ],
    "isTemplate": false,
    "count": 0,
    "updated": 0
  }
]