[
  {
    "id": "5dcc66f6-3900-4a3c-be0f-d8ae8e7a8ccc",
    "data": [
      {
        "text": "Okay",
        "alias": "yes",
        "meta": "@yes",
        "userDefined": false
      },
      {
        "text": ". Please find me the ",
        "userDefined": false
      },
      {
        "text": "hawker centres",
        "meta": "@sys.ignore",
        "userDefined": false
      },
      {
        "text": ",",
        "userDefined": false
      }
    ],
    "isTemplate": false,
    "count": 0,
    "updated": 0
  },
  {
    "id": "f54f40dd-ea20-4946-a3a6-71f4bef8d9b1",
    "data": [
      {
        "text": "That\u0027s ",
        "userDefined": false
      },
      {
        "text": "right",
        "alias": "yes",
        "meta": "@yes",
        "userDefined": false
      }
    ],
    "isTemplate": false,
    "count": 0,
    "updated": 0
  },
  {
    "id": "19519f76-e634-4490-995a-15a2f3133614",
    "data": [
      {
        "text": "Sure",
        "alias": "yes",
        "meta": "@yes",
        "userDefined": false
      }
    ],
    "isTemplate": false,
    "count": 0,
    "updated": 0
  },
  {
    "id": "3b110cc9-d2ac-4649-94c9-03088ad3a130",
    "data": [
      {
        "text": "yes",
        "alias": "yes",
        "meta": "@yes",
        "userDefined": false
      }
    ],
    "isTemplate": false,
    "count": 0,
    "updated": 0
  }
]