[
  {
    "id": "07a16431-1acc-4794-a469-41484dfc5c5b",
    "data": [
      {
        "text": "I want to find ",
        "userDefined": false
      },
      {
        "text": "5",
        "alias": "number",
        "meta": "@sys.number",
        "userDefined": false
      },
      {
        "text": " ",
        "userDefined": false
      },
      {
        "text": "hawker centres",
        "alias": "hawkerCentre",
        "meta": "@hawkerCentre",
        "userDefined": true
      },
      {
        "text": ".",
        "userDefined": false
      }
    ],
    "isTemplate": false,
    "count": 0,
    "updated": 0
  },
  {
    "id": "3098e4cc-492f-4c6b-b0ff-217d9218e65b",
    "data": [
      {
        "text": "I like ",
        "userDefined": false
      },
      {
        "text": "hawker centres",
        "alias": "hawkerCentre",
        "meta": "@hawkerCentre",
        "userDefined": true
      },
      {
        "text": ". Can you recommend ",
        "userDefined": false
      },
      {
        "text": "5",
        "alias": "number",
        "meta": "@sys.number",
        "userDefined": false
      },
      {
        "text": " places?",
        "userDefined": false
      }
    ],
    "isTemplate": false,
    "count": 0,
    "updated": 0
  },
  {
    "id": "15f1082d-9912-40b9-b340-86cfd289edc0",
    "data": [
      {
        "text": "Can you recommend ",
        "userDefined": false
      },
      {
        "text": "5",
        "alias": "number",
        "meta": "@sys.number",
        "userDefined": false
      },
      {
        "text": " ",
        "userDefined": false
      },
      {
        "text": "hawker centres",
        "alias": "hawkerCentre",
        "meta": "@hawkerCentre",
        "userDefined": true
      },
      {
        "text": "?",
        "userDefined": false
      }
    ],
    "isTemplate": false,
    "count": 1,
    "updated": 0
  },
  {
    "id": "ee26a6ab-ef9e-44d7-a12b-c215fdf3fccc",
    "data": [
      {
        "text": "I want to dine at ",
        "userDefined": false
      },
      {
        "text": "hawker centres",
        "alias": "hawkerCentre",
        "meta": "@hawkerCentre",
        "userDefined": true
      },
      {
        "text": ". Can you find ",
        "userDefined": false
      },
      {
        "text": "5",
        "alias": "number",
        "meta": "@sys.number",
        "userDefined": false
      },
      {
        "text": " places?",
        "userDefined": false
      }
    ],
    "isTemplate": false,
    "count": 0,
    "updated": 0
  },
  {
    "id": "17690f08-17d4-41cf-a251-1bf3f39f1aad",
    "data": [
      {
        "text": "Please find ",
        "userDefined": false
      },
      {
        "text": "5",
        "alias": "number",
        "meta": "@sys.number",
        "userDefined": false
      },
      {
        "text": " ",
        "userDefined": false
      },
      {
        "text": "hawker centres",
        "alias": "hawkerCentre",
        "meta": "@hawkerCentre",
        "userDefined": true
      },
      {
        "text": ".",
        "userDefined": false
      }
    ],
    "isTemplate": false,
    "count": 0,
    "updated": 0
  }
]