[
  {
    "id": "0f7dd53e-d7e8-48ab-8c66-861c99ce6308",
    "data": [
      {
        "text": "I want to try ",
        "userDefined": false
      },
      {
        "text": "spanish",
        "alias": "cuisine",
        "meta": "@cuisine",
        "userDefined": false
      },
      {
        "text": " cuisine.",
        "userDefined": false
      }
    ],
    "isTemplate": false,
    "count": 0,
    "updated": 0
  },
  {
    "id": "690f701b-7811-4113-a508-160b570d3919",
    "data": [
      {
        "text": "I\u0027m crave ",
        "userDefined": false
      },
      {
        "text": "spanish",
        "alias": "cuisine",
        "meta": "@cuisine",
        "userDefined": false
      },
      {
        "text": " food.",
        "userDefined": false
      }
    ],
    "isTemplate": false,
    "count": 0,
    "updated": 0
  },
  {
    "id": "47b42bff-8f41-4d45-a577-0339831f740e",
    "data": [
      {
        "text": "Can I have ",
        "userDefined": false
      },
      {
        "text": "spanish",
        "alias": "cuisine",
        "meta": "@cuisine",
        "userDefined": false
      },
      {
        "text": " cuisine?",
        "userDefined": false
      }
    ],
    "isTemplate": false,
    "count": 0,
    "updated": 0
  },
  {
    "id": "97aec231-4323-46aa-bb0d-e40dfc2ec594",
    "data": [
      {
        "text": "I like ",
        "userDefined": false
      },
      {
        "text": "spanish",
        "alias": "cuisine",
        "meta": "@cuisine",
        "userDefined": false
      },
      {
        "text": " food.",
        "userDefined": false
      }
    ],
    "isTemplate": false,
    "count": 0,
    "updated": 0
  },
  {
    "id": "f1630116-248a-495a-acb6-915cc1243566",
    "data": [
      {
        "text": "Spanish",
        "alias": "cuisine",
        "meta": "@cuisine",
        "userDefined": false
      },
      {
        "text": " food is my favourite,",
        "userDefined": false
      }
    ],
    "isTemplate": false,
    "count": 0,
    "updated": 0
  },
  {
    "id": "978fd48c-6884-487d-9b6e-cb556a9b850e",
    "data": [
      {
        "text": "I haven\u0027t had ",
        "userDefined": false
      },
      {
        "text": "chinese",
        "meta": "@sys.ignore",
        "userDefined": false
      },
      {
        "text": " food in a while, please find me ",
        "userDefined": false
      },
      {
        "text": "chinese",
        "alias": "cuisine",
        "meta": "@cuisine",
        "userDefined": false
      },
      {
        "text": " ",
        "userDefined": false
      },
      {
        "text": "restaurants",
        "meta": "@sys.ignore",
        "userDefined": false
      },
      {
        "text": ".",
        "userDefined": false
      }
    ],
    "isTemplate": false,
    "count": 0,
    "updated": 0
  },
  {
    "id": "fb218d83-5b81-4d01-a925-70c6135d8db8",
    "data": [
      {
        "text": "I prefer ",
        "userDefined": false
      },
      {
        "text": "chinese",
        "alias": "cuisine",
        "meta": "@cuisine",
        "userDefined": false
      },
      {
        "text": " food.",
        "userDefined": false
      }
    ],
    "isTemplate": false,
    "count": 0,
    "updated": 0
  },
  {
    "id": "2fc0edd6-62fc-4e07-96cc-207db816da1c",
    "data": [
      {
        "text": "I want to ",
        "userDefined": false
      },
      {
        "text": "find",
        "meta": "@sys.ignore",
        "userDefined": false
      },
      {
        "text": " ",
        "userDefined": false
      },
      {
        "text": "chinese",
        "alias": "cuisine",
        "meta": "@cuisine",
        "userDefined": false
      },
      {
        "text": " cuisine",
        "userDefined": false
      }
    ],
    "isTemplate": false,
    "count": 0,
    "updated": 0
  },
  {
    "id": "24a2d565-2427-4c34-8538-fdd198246379",
    "data": [
      {
        "text": "chinese",
        "alias": "cuisine",
        "meta": "@cuisine",
        "userDefined": false
      }
    ],
    "isTemplate": false,
    "count": 0,
    "updated": 0
  }
]