[
  {
    "id": "46536429-6f0f-40cb-b390-5371b565a61c",
    "data": [
      {
        "text": "At least ",
        "userDefined": false
      },
      {
        "text": "5",
        "alias": "number",
        "meta": "@sys.number",
        "userDefined": false
      },
      {
        "text": ".",
        "userDefined": false
      }
    ],
    "isTemplate": false,
    "count": 0,
    "updated": 0
  },
  {
    "id": "16581071-9e69-495c-b12a-28c607962869",
    "data": [
      {
        "text": "Not more than ",
        "userDefined": false
      },
      {
        "text": "5",
        "alias": "number",
        "meta": "@sys.number",
        "userDefined": false
      },
      {
        "text": ".",
        "userDefined": false
      }
    ],
    "isTemplate": false,
    "count": 0,
    "updated": 0
  },
  {
    "id": "5ea85c47-03b2-4557-810d-4c4320ae8470",
    "data": [
      {
        "text": "5",
        "alias": "number",
        "meta": "@sys.number",
        "userDefined": false
      },
      {
        "text": " is enough.",
        "userDefined": false
      }
    ],
    "isTemplate": false,
    "count": 0,
    "updated": 0
  },
  {
    "id": "fd10faba-8d3a-41fe-a84f-beb1555a8669",
    "data": [
      {
        "text": "6",
        "alias": "number",
        "meta": "@sys.number",
        "userDefined": false
      },
      {
        "text": " is enough.",
        "userDefined": false
      }
    ],
    "isTemplate": false,
    "count": 0,
    "updated": 0
  },
  {
    "id": "619559ed-a52b-41e0-9e3c-7e7981a228ba",
    "data": [
      {
        "text": "Well, around ",
        "userDefined": false
      },
      {
        "text": "5.",
        "alias": "number",
        "meta": "@sys.number",
        "userDefined": false
      }
    ],
    "isTemplate": false,
    "count": 0,
    "updated": 0
  },
  {
    "id": "bc2a7ca9-c786-47c3-bdb4-e7badadf23fc",
    "data": [
      {
        "text": "Perhaps ",
        "userDefined": false
      },
      {
        "text": "five.",
        "alias": "number",
        "meta": "@sys.number",
        "userDefined": false
      }
    ],
    "isTemplate": false,
    "count": 0,
    "updated": 0
  },
  {
    "id": "fcadd23b-fd69-4254-b625-7ebdb4974218",
    "data": [
      {
        "text": "Maybe ",
        "userDefined": false
      },
      {
        "text": "5.",
        "alias": "number",
        "meta": "@sys.number",
        "userDefined": false
      }
    ],
    "isTemplate": false,
    "count": 0,
    "updated": 0
  },
  {
    "id": "113b097b-cf39-4da6-8bad-2289034ddd16",
    "data": [
      {
        "text": "I want to ",
        "userDefined": false
      },
      {
        "text": "view",
        "meta": "@sys.ignore",
        "userDefined": false
      },
      {
        "text": " ",
        "userDefined": false
      },
      {
        "text": "5",
        "alias": "number",
        "meta": "@sys.number",
        "userDefined": false
      },
      {
        "text": " ",
        "userDefined": false
      },
      {
        "text": "locations.",
        "meta": "@sys.ignore",
        "userDefined": false
      }
    ],
    "isTemplate": false,
    "count": 0,
    "updated": 0
  },
  {
    "id": "0fe92301-6095-4add-87c0-a055b6b40b63",
    "data": [
      {
        "text": "Hmm how about ",
        "userDefined": false
      },
      {
        "text": "8?",
        "alias": "number",
        "meta": "@sys.number",
        "userDefined": false
      }
    ],
    "isTemplate": false,
    "count": 0,
    "updated": 0
  },
  {
    "id": "4a50e955-ff8a-4591-b70a-b3457d58c453",
    "data": [
      {
        "text": "5",
        "alias": "number",
        "meta": "@sys.number",
        "userDefined": false
      }
    ],
    "isTemplate": false,
    "count": 0,
    "updated": 0
  },
  {
    "id": "01da4f53-2fcc-4a45-9a39-7b3d858da493",
    "data": [
      {
        "text": "Show",
        "meta": "@sys.ignore",
        "userDefined": true
      },
      {
        "text": " ",
        "userDefined": false
      },
      {
        "text": "5",
        "alias": "number",
        "meta": "@sys.number",
        "userDefined": false
      },
      {
        "text": " ",
        "userDefined": false
      },
      {
        "text": "restaurants.",
        "meta": "@sys.ignore",
        "userDefined": false
      }
    ],
    "isTemplate": false,
    "count": 0,
    "updated": 0
  }
]