[
  {
    "id": "e5532bd0-8d96-45db-b9a0-87a55557eed0",
    "data": [
      {
        "text": "ok",
        "alias": "yes",
        "meta": "@yes",
        "userDefined": true
      }
    ],
    "isTemplate": false,
    "count": 0,
    "updated": 0
  },
  {
    "id": "78be4343-c667-4882-8025-c32c1806469f",
    "data": [
      {
        "text": "yes",
        "alias": "yes",
        "meta": "@yes",
        "userDefined": true
      }
    ],
    "isTemplate": false,
    "count": 0,
    "updated": 0
  }
]