[
  {
    "id": "8857f38a-561d-49a1-a76f-eed9212fc212",
    "data": [
      {
        "text": "I want to ",
        "userDefined": false
      },
      {
        "text": "find",
        "meta": "@sys.ignore",
        "userDefined": false
      },
      {
        "text": " ",
        "userDefined": false
      },
      {
        "text": "hawker centres",
        "alias": "hawkerCentre",
        "meta": "@hawkerCentre",
        "userDefined": true
      },
      {
        "text": ".",
        "userDefined": false
      }
    ],
    "isTemplate": false,
    "count": 0,
    "updated": 0
  },
  {
    "id": "8c465264-6c96-47d2-9dd2-17c08a38bd23",
    "data": [
      {
        "text": "I wan to dine at ",
        "userDefined": false
      },
      {
        "text": "hawker centres",
        "alias": "hawkerCentre",
        "meta": "@hawkerCentre",
        "userDefined": true
      },
      {
        "text": ".",
        "userDefined": false
      }
    ],
    "isTemplate": false,
    "count": 1,
    "updated": 0
  },
  {
    "id": "cf983836-0868-4fc7-9f4e-0a553d956220",
    "data": [
      {
        "text": "Can you recommend ",
        "userDefined": false
      },
      {
        "text": "hawker centres",
        "alias": "hawkerCentre",
        "meta": "@hawkerCentre",
        "userDefined": true
      },
      {
        "text": "?",
        "userDefined": false
      }
    ],
    "isTemplate": false,
    "count": 0,
    "updated": 0
  },
  {
    "id": "c2e3d376-2d2e-4589-97dc-f8d06bb50ee8",
    "data": [
      {
        "text": "I plan to visit ",
        "userDefined": false
      },
      {
        "text": "hawker centres",
        "alias": "hawkerCentre",
        "meta": "@hawkerCentre",
        "userDefined": true
      },
      {
        "text": ".",
        "userDefined": false
      }
    ],
    "isTemplate": false,
    "count": 0,
    "updated": 0
  },
  {
    "id": "3c66d6fc-a7ad-47bd-b00b-184e901c43f9",
    "data": [
      {
        "text": "Please get popular ",
        "userDefined": false
      },
      {
        "text": "hawker centres",
        "alias": "hawkerCentre",
        "meta": "@hawkerCentre",
        "userDefined": true
      },
      {
        "text": ".",
        "userDefined": false
      }
    ],
    "isTemplate": false,
    "count": 0,
    "updated": 0
  },
  {
    "id": "eb1e96b9-c768-432a-acec-91a0346bf617",
    "data": [
      {
        "text": "Please search for popular ",
        "userDefined": false
      },
      {
        "text": "hawker centres",
        "alias": "hawkerCentre",
        "meta": "@hawkerCentre",
        "userDefined": true
      },
      {
        "text": ".",
        "userDefined": false
      }
    ],
    "isTemplate": false,
    "count": 0,
    "updated": 0
  },
  {
    "id": "e85af871-e34f-4a3f-ae0f-c88b1cddf768",
    "data": [
      {
        "text": "Find popular ",
        "userDefined": false
      },
      {
        "text": "hawker centres",
        "alias": "hawkerCentre",
        "meta": "@hawkerCentre",
        "userDefined": true
      },
      {
        "text": " please.",
        "userDefined": false
      }
    ],
    "isTemplate": false,
    "count": 1,
    "updated": 0
  },
  {
    "id": "8e33a9cf-d8dc-4221-9ba0-05de8a52677d",
    "data": [
      {
        "text": "I prefer ",
        "userDefined": false
      },
      {
        "text": "hawker food",
        "alias": "hawkerCentre",
        "meta": "@hawkerCentre",
        "userDefined": true
      },
      {
        "text": ".",
        "userDefined": false
      }
    ],
    "isTemplate": false,
    "count": 0,
    "updated": 0
  }
]