[
  {
    "id": "6bf687ee-9f26-4b29-acf4-816d655b3a85",
    "data": [
      {
        "text": "that\u0027s ",
        "userDefined": false
      },
      {
        "text": "right",
        "alias": "yes",
        "meta": "@yes",
        "userDefined": false
      }
    ],
    "isTemplate": false,
    "count": 0,
    "updated": 0
  },
  {
    "id": "c3c1c4f2-80a7-42af-8279-715b9ab4dc85",
    "data": [
      {
        "text": "yes",
        "alias": "yes",
        "meta": "@yes",
        "userDefined": true
      }
    ],
    "isTemplate": false,
    "count": 0,
    "updated": 0
  }
]