[
  {
    "id": "0ade35cc-7d49-4cf5-833f-b988af802004",
    "data": [
      {
        "text": "I usually have ",
        "userDefined": false
      },
      {
        "text": "spanish",
        "alias": "cuisine",
        "meta": "@cuisine",
        "userDefined": false
      },
      {
        "text": " food.",
        "userDefined": false
      }
    ],
    "isTemplate": false,
    "count": 0,
    "updated": 0
  },
  {
    "id": "fe9e16e3-a0fd-4377-b31a-222cee5a9aeb",
    "data": [
      {
        "text": "Spanish",
        "alias": "cuisine",
        "meta": "@cuisine",
        "userDefined": true
      },
      {
        "text": " cuisine sounds good.",
        "userDefined": false
      }
    ],
    "isTemplate": false,
    "count": 0,
    "updated": 0
  },
  {
    "id": "b467e3fd-8cdd-49e0-a4b2-d22ac0221b5c",
    "data": [
      {
        "text": "How about ",
        "userDefined": false
      },
      {
        "text": "spanish",
        "alias": "cuisine",
        "meta": "@cuisine",
        "userDefined": false
      },
      {
        "text": " cuisine?",
        "userDefined": false
      }
    ],
    "isTemplate": false,
    "count": 1,
    "updated": 0
  },
  {
    "id": "935fadb1-6a7f-4c89-97d7-150d6f4e98b5",
    "data": [
      {
        "text": "I want to try ",
        "userDefined": false
      },
      {
        "text": "spanish",
        "alias": "cuisine",
        "meta": "@cuisine",
        "userDefined": false
      },
      {
        "text": " food.",
        "userDefined": false
      }
    ],
    "isTemplate": false,
    "count": 0,
    "updated": 0
  },
  {
    "id": "1df123bd-d5f0-4464-ae89-d8abc03da66d",
    "data": [
      {
        "text": "I crave ",
        "userDefined": false
      },
      {
        "text": "chinese",
        "alias": "cuisine",
        "meta": "@cuisine",
        "userDefined": false
      },
      {
        "text": " food.",
        "userDefined": false
      }
    ],
    "isTemplate": false,
    "count": 0,
    "updated": 0
  },
  {
    "id": "c7ef6d31-78d3-4ee3-9aa6-d34c9a44ec7c",
    "data": [
      {
        "text": "Perhaps ",
        "userDefined": false
      },
      {
        "text": "chinese",
        "alias": "cuisine",
        "meta": "@cuisine",
        "userDefined": false
      },
      {
        "text": " cuisine?",
        "userDefined": false
      }
    ],
    "isTemplate": false,
    "count": 0,
    "updated": 0
  },
  {
    "id": "b91d1f75-0597-48ff-a5e9-5566eb501d12",
    "data": [
      {
        "text": "I want ",
        "userDefined": false
      },
      {
        "text": "indonesian",
        "alias": "cuisine",
        "meta": "@cuisine",
        "userDefined": false
      },
      {
        "text": " food.",
        "userDefined": false
      }
    ],
    "isTemplate": false,
    "count": 0,
    "updated": 0
  },
  {
    "id": "5ec7e9d7-ebe0-4c8f-98e6-9d09858b5cbd",
    "data": [
      {
        "text": "I\u0027m fond of ",
        "userDefined": false
      },
      {
        "text": "chinese",
        "alias": "cuisine",
        "meta": "@cuisine",
        "userDefined": false
      },
      {
        "text": " cuisine.",
        "userDefined": false
      }
    ],
    "isTemplate": false,
    "count": 0,
    "updated": 0
  },
  {
    "id": "94f244f8-5aea-4e9c-b945-16a8062b8f61",
    "data": [
      {
        "text": "I enjoy ",
        "userDefined": false
      },
      {
        "text": "chinese",
        "alias": "cuisine",
        "meta": "@cuisine",
        "userDefined": false
      },
      {
        "text": " cuisine.",
        "userDefined": false
      }
    ],
    "isTemplate": false,
    "count": 0,
    "updated": 0
  },
  {
    "id": "e5534890-b325-4e6e-b46a-880bb70a9ddc",
    "data": [
      {
        "text": "chinese",
        "alias": "cuisine",
        "meta": "@cuisine",
        "userDefined": false
      }
    ],
    "isTemplate": false,
    "count": 0,
    "updated": 0
  }
]