[
  {
    "id": "1513441d-0b75-4a55-8019-bc62a2dae8d7",
    "data": [
      {
        "text": "no",
        "alias": "no",
        "meta": "@no",
        "userDefined": true
      },
      {
        "text": ", sorry i\u0027m not searching anymore",
        "userDefined": false
      }
    ],
    "isTemplate": false,
    "count": 0,
    "updated": 0
  },
  {
    "id": "e5056e8c-deba-403d-9c03-532adaa52f2c",
    "data": [
      {
        "text": "no",
        "alias": "no",
        "meta": "@no",
        "userDefined": true
      },
      {
        "text": ", sorry i changed my mind",
        "userDefined": false
      }
    ],
    "isTemplate": false,
    "count": 0,
    "updated": 0
  },
  {
    "id": "51ae77c5-8740-4f5b-a007-f913dfd250df",
    "data": [
      {
        "text": "no",
        "alias": "no",
        "meta": "@no",
        "userDefined": false
      },
      {
        "text": ", i changed my mind",
        "userDefined": false
      }
    ],
    "isTemplate": false,
    "count": 0,
    "updated": 0
  },
  {
    "id": "6470ae1a-afcb-4b28-a0a1-e3d4ac495a31",
    "data": [
      {
        "text": "no",
        "alias": "no",
        "meta": "@no",
        "userDefined": false
      },
      {
        "text": " i want another search",
        "userDefined": false
      }
    ],
    "isTemplate": false,
    "count": 0,
    "updated": 0
  },
  {
    "id": "2905abe1-d2f4-43e5-af0e-d063cdb9c682",
    "data": [
      {
        "text": "no",
        "alias": "no",
        "meta": "@no",
        "userDefined": false
      },
      {
        "text": ", I don\u0027t want to stop the search",
        "userDefined": false
      }
    ],
    "isTemplate": false,
    "count": 0,
    "updated": 0
  },
  {
    "id": "75094504-35c6-43f3-be44-a894945730ff",
    "data": [
      {
        "text": "no",
        "alias": "no",
        "meta": "@no",
        "userDefined": false
      }
    ],
    "isTemplate": false,
    "count": 0,
    "updated": 0
  }
]