[
  {
    "id": "0cfcfd7b-61dc-42e0-ae12-6c04c7ee007a",
    "data": [
      {
        "text": "what ",
        "userDefined": false
      },
      {
        "text": "exactly",
        "meta": "@sys.ignore",
        "userDefined": false
      },
      {
        "text": " is ",
        "userDefined": false
      },
      {
        "text": "hokkien mee",
        "alias": "foodItem",
        "meta": "@foodItem",
        "userDefined": false
      },
      {
        "text": "?",
        "userDefined": false
      }
    ],
    "isTemplate": false,
    "count": 0,
    "updated": 0
  },
  {
    "id": "f3f41c64-4626-4029-b2c8-c32ddeccfc2a",
    "data": [
      {
        "text": "我想知道什么是",
        "userDefined": false
      },
      {
        "text": "popiah",
        "alias": "foodItem",
        "meta": "@foodItem",
        "userDefined": true
      }
    ],
    "isTemplate": false,
    "count": 0,
    "updated": 0
  },
  {
    "id": "8997627b-2de0-4518-b426-f654032e696f",
    "data": [
      {
        "text": "什么是",
        "userDefined": false
      },
      {
        "text": "laksa",
        "alias": "foodItem",
        "meta": "@foodItem",
        "userDefined": true
      }
    ],
    "isTemplate": false,
    "count": 0,
    "updated": 0
  },
  {
    "id": "c1e058e7-9d90-45ac-a4fd-e7d18f6da8d7",
    "data": [
      {
        "text": "什么是",
        "userDefined": false
      },
      {
        "text": "汤圆",
        "alias": "foodItem",
        "meta": "@foodItem",
        "userDefined": true
      }
    ],
    "isTemplate": false,
    "count": 0,
    "updated": 0
  },
  {
    "id": "d870e491-88e2-4108-9233-c79861828e87",
    "data": [
      {
        "text": "tell me more about ",
        "userDefined": false
      },
      {
        "text": "yong tau foo",
        "alias": "foodItem",
        "meta": "@foodItem",
        "userDefined": true
      }
    ],
    "isTemplate": false,
    "count": 0,
    "updated": 0
  },
  {
    "id": "14e97f93-2d02-4557-ae44-4b2b0c703434",
    "data": [
      {
        "text": "i don\u0027t know what is ",
        "userDefined": false
      },
      {
        "text": "wanton mee",
        "alias": "foodItem",
        "meta": "@foodItem",
        "userDefined": true
      }
    ],
    "isTemplate": false,
    "count": 0,
    "updated": 0
  },
  {
    "id": "99318edb-5321-4b84-8c93-6b498d01876f",
    "data": [
      {
        "text": "hey what is ",
        "userDefined": false
      },
      {
        "text": "popiah",
        "alias": "foodItem",
        "meta": "@foodItem",
        "userDefined": true
      }
    ],
    "isTemplate": false,
    "count": 0,
    "updated": 0
  },
  {
    "id": "3cf3dc28-b94e-4d95-a95f-15d2a063e7c1",
    "data": [
      {
        "text": "describe ",
        "userDefined": false
      },
      {
        "text": "nasi lemak",
        "alias": "foodItem",
        "meta": "@foodItem",
        "userDefined": true
      },
      {
        "text": " to me please",
        "userDefined": false
      }
    ],
    "isTemplate": false,
    "count": 0,
    "updated": 0
  },
  {
    "id": "64dad927-7cb7-4d1d-a510-6baa725ac5aa",
    "data": [
      {
        "text": "what is ",
        "userDefined": false
      },
      {
        "text": "ice kachang",
        "alias": "foodItem",
        "meta": "@foodItem",
        "userDefined": true
      }
    ],
    "isTemplate": false,
    "count": 0,
    "updated": 0
  },
  {
    "id": "b5bd58ca-4355-44a3-9424-547f11fdeb4f",
    "data": [
      {
        "text": "what\u0027s ",
        "userDefined": false
      },
      {
        "text": "Fishball Noodles",
        "alias": "foodItem",
        "meta": "@foodItem",
        "userDefined": true
      }
    ],
    "isTemplate": false,
    "count": 0,
    "updated": 0
  },
  {
    "id": "2c3c6127-96be-496f-a8b9-af4bd44cc5dc",
    "data": [
      {
        "text": "what is this ",
        "userDefined": false
      },
      {
        "text": "Hokkien Mee",
        "alias": "foodItem",
        "meta": "@foodItem",
        "userDefined": true
      },
      {
        "text": " that I keep hearing about",
        "userDefined": false
      }
    ],
    "isTemplate": false,
    "count": 0,
    "updated": 0
  },
  {
    "id": "5f34466a-17ac-47af-989f-d89641a94a2c",
    "data": [
      {
        "text": "can you tell me about ",
        "userDefined": false
      },
      {
        "text": "carrot cake",
        "alias": "foodItem",
        "meta": "@foodItem",
        "userDefined": true
      },
      {
        "text": "?",
        "userDefined": false
      }
    ],
    "isTemplate": false,
    "count": 0,
    "updated": 0
  },
  {
    "id": "087949f0-584c-4314-aeff-8bddc24624eb",
    "data": [
      {
        "text": "what is ",
        "userDefined": false
      },
      {
        "text": "laksa",
        "alias": "foodItem",
        "meta": "@foodItem",
        "userDefined": true
      }
    ],
    "isTemplate": false,
    "count": 0,
    "updated": 0
  }
]