[
  {
    "id": "c2d2cede-6390-4c70-8d6e-3097539aaa67",
    "data": [
      {
        "text": "Get Restaurant Info",
        "userDefined": false
      }
    ],
    "isTemplate": false,
    "count": 0,
    "updated": 0
  },
  {
    "id": "639494cb-88fe-428f-a6f2-83f5c12f4a16",
    "data": [
      {
        "text": "where is ",
        "userDefined": false
      },
      {
        "text": "vatos urban tacos",
        "alias": "RestaurantName",
        "meta": "@RestaurantName",
        "userDefined": true
      }
    ],
    "isTemplate": false,
    "count": 0,
    "updated": 0
  },
  {
    "id": "58c5d939-b770-4cec-8fcd-819d17817e82",
    "data": [
      {
        "text": "I like to go to ",
        "userDefined": false
      },
      {
        "text": "Liao Fan Hawker Chan",
        "alias": "RestaurantName",
        "meta": "@RestaurantName",
        "userDefined": true
      }
    ],
    "isTemplate": false,
    "count": 0,
    "updated": 0
  },
  {
    "id": "9d56444b-af24-408c-a4f5-81a199fa6213",
    "data": [
      {
        "text": "I would like to look for ",
        "userDefined": false
      },
      {
        "text": "Burnt Ends",
        "alias": "RestaurantName",
        "meta": "@RestaurantName",
        "userDefined": true
      }
    ],
    "isTemplate": false,
    "count": 0,
    "updated": 0
  },
  {
    "id": "71566e85-0127-4607-a4d8-2221f7d42239",
    "data": [
      {
        "text": "can you tell me info on ",
        "userDefined": false
      },
      {
        "text": "The Butcher\u0027s wife",
        "alias": "RestaurantName",
        "meta": "@RestaurantName",
        "userDefined": true
      }
    ],
    "isTemplate": false,
    "count": 0,
    "updated": 0
  },
  {
    "id": "ebb59479-f3a8-4ba3-88a2-433a74d03c7c",
    "data": [
      {
        "text": "Is there ",
        "userDefined": false
      },
      {
        "text": "sushi tei",
        "alias": "RestaurantName",
        "meta": "@RestaurantName",
        "userDefined": false
      }
    ],
    "isTemplate": false,
    "count": 0,
    "updated": 0
  },
  {
    "id": "d37d4b09-33c3-4537-97b7-b5dc53e39a67",
    "data": [
      {
        "text": "Does Singapore has ",
        "userDefined": false
      },
      {
        "text": "Waku Ghin",
        "alias": "RestaurantName",
        "meta": "@RestaurantName",
        "userDefined": false
      }
    ],
    "isTemplate": false,
    "count": 0,
    "updated": 0
  },
  {
    "id": "253931f7-04a7-4421-a607-1fbf1b63a57a",
    "data": [
      {
        "text": "Can you tell me about ",
        "userDefined": false
      },
      {
        "text": "Limma",
        "alias": "RestaurantName",
        "meta": "@RestaurantName",
        "userDefined": true
      }
    ],
    "isTemplate": false,
    "count": 0,
    "updated": 0
  },
  {
    "id": "1f0a75ce-4bc0-4db3-b62c-6c4cf1c77a94",
    "data": [
      {
        "text": "Famous Sungei Road Trishaw Laksa",
        "alias": "RestaurantName",
        "meta": "@RestaurantName",
        "userDefined": true
      }
    ],
    "isTemplate": false,
    "count": 0,
    "updated": 0
  },
  {
    "id": "03ea03d3-64cb-47e1-b9f3-37a57afa63fd",
    "data": [
      {
        "text": "heard of ",
        "userDefined": false
      },
      {
        "text": "Holycrab",
        "alias": "RestaurantName",
        "meta": "@RestaurantName",
        "userDefined": true
      }
    ],
    "isTemplate": false,
    "count": 0,
    "updated": 0
  },
  {
    "id": "4eea9b02-51af-4cca-9cd5-cc9574cd16c4",
    "data": [
      {
        "text": "is there ",
        "userDefined": false
      },
      {
        "text": "Limaa",
        "alias": "RestaurantName",
        "meta": "@RestaurantName",
        "userDefined": true
      },
      {
        "text": " restaurant here ?",
        "userDefined": false
      }
    ],
    "isTemplate": false,
    "count": 0,
    "updated": 0
  },
  {
    "id": "8a8d22bb-6fb6-46bb-b2ea-9d470cf85922",
    "data": [
      {
        "text": "where is ",
        "userDefined": false
      },
      {
        "text": "Huat Huat BBQ",
        "alias": "RestaurantName",
        "meta": "@RestaurantName",
        "userDefined": true
      }
    ],
    "isTemplate": false,
    "count": 0,
    "updated": 0
  },
  {
    "id": "88036f22-0405-451e-85a4-e2d1663caf22",
    "data": [
      {
        "text": "Zingdo Korean",
        "alias": "RestaurantName",
        "meta": "@RestaurantName",
        "userDefined": true
      },
      {
        "text": " Restaurant",
        "userDefined": false
      }
    ],
    "isTemplate": false,
    "count": 0,
    "updated": 0
  },
  {
    "id": "c759d77a-2b32-4e36-ae0f-61b07089cac7",
    "data": [
      {
        "text": "Swensen",
        "alias": "RestaurantName",
        "meta": "@RestaurantName",
        "userDefined": true
      },
      {
        "text": "\u0027s Restaurant",
        "userDefined": false
      }
    ],
    "isTemplate": false,
    "count": 0,
    "updated": 0
  },
  {
    "id": "1e11fd8c-53c6-4065-bcf0-4f72980427e7",
    "data": [
      {
        "text": "Siam Kitchen Thai",
        "alias": "RestaurantName",
        "meta": "@RestaurantName",
        "userDefined": true
      },
      {
        "text": " Restaurant",
        "userDefined": false
      }
    ],
    "isTemplate": false,
    "count": 0,
    "updated": 0
  },
  {
    "id": "17229c8d-02ed-491a-8a46-9635f681ec46",
    "data": [
      {
        "text": "Seoul Garden Korean BBQ",
        "alias": "RestaurantName",
        "meta": "@RestaurantName",
        "userDefined": true
      }
    ],
    "isTemplate": false,
    "count": 0,
    "updated": 0
  },
  {
    "id": "80b3a4f9-b498-4400-81fc-6f1bcaef3afe",
    "data": [
      {
        "text": "Secret Recipe Cafe",
        "alias": "RestaurantName",
        "meta": "@RestaurantName",
        "userDefined": true
      }
    ],
    "isTemplate": false,
    "count": 0,
    "updated": 0
  },
  {
    "id": "3f1ab7d2-e88a-4473-9324-21af69055cc2",
    "data": [
      {
        "text": "Pizza Hut",
        "alias": "RestaurantName",
        "meta": "@RestaurantName",
        "userDefined": true
      }
    ],
    "isTemplate": false,
    "count": 0,
    "updated": 0
  },
  {
    "id": "f5c4f09f-8ca5-4767-b165-77a8ef97fab1",
    "data": [
      {
        "text": "No Signboard Seafood",
        "alias": "RestaurantName",
        "meta": "@RestaurantName",
        "userDefined": true
      },
      {
        "text": " Restaurant",
        "userDefined": false
      }
    ],
    "isTemplate": false,
    "count": 0,
    "updated": 0
  },
  {
    "id": "f75926ff-0157-48ec-8303-7da8d96d9895",
    "data": [
      {
        "text": "Mushroom Pot",
        "alias": "RestaurantName",
        "meta": "@RestaurantName",
        "userDefined": true
      },
      {
        "text": " Restaurant",
        "userDefined": false
      }
    ],
    "isTemplate": false,
    "count": 0,
    "updated": 0
  },
  {
    "id": "6b3c069e-2a30-4ca8-8934-ec8ea1961b88",
    "data": [
      {
        "text": "Mushroom Park Steamboat",
        "alias": "RestaurantName",
        "meta": "@RestaurantName",
        "userDefined": true
      },
      {
        "text": " Restaurant",
        "userDefined": false
      }
    ],
    "isTemplate": false,
    "count": 0,
    "updated": 0
  },
  {
    "id": "27c2cafe-e92d-437b-a1cb-b451c8773f08",
    "data": [
      {
        "text": "Mooi Chin Place",
        "alias": "RestaurantName",
        "meta": "@RestaurantName",
        "userDefined": true
      },
      {
        "text": " Restaurant",
        "userDefined": false
      }
    ],
    "isTemplate": false,
    "count": 0,
    "updated": 0
  },
  {
    "id": "09745325-8214-4dbb-8b1e-8216170b0723",
    "data": [
      {
        "text": "Marché",
        "alias": "RestaurantName",
        "meta": "@RestaurantName",
        "userDefined": true
      },
      {
        "text": " Restaurant",
        "userDefined": false
      }
    ],
    "isTemplate": false,
    "count": 0,
    "updated": 0
  },
  {
    "id": "010c8b94-a907-41eb-89fe-56c74484ad56",
    "data": [
      {
        "text": "Long John Silver\u0027s",
        "alias": "RestaurantName",
        "meta": "@RestaurantName",
        "userDefined": true
      }
    ],
    "isTemplate": false,
    "count": 0,
    "updated": 0
  },
  {
    "id": "5cd66f52-805c-498a-85a9-3ef178091b4b",
    "data": [
      {
        "text": "Lemongrass Thai",
        "alias": "RestaurantName",
        "meta": "@RestaurantName",
        "userDefined": true
      },
      {
        "text": " Restaurant",
        "userDefined": false
      }
    ],
    "isTemplate": false,
    "count": 0,
    "updated": 0
  },
  {
    "id": "77c0ae09-8023-4d16-b33e-64f9e382db4a",
    "data": [
      {
        "text": "Sushi Jin",
        "alias": "RestaurantName",
        "meta": "@RestaurantName",
        "userDefined": false
      }
    ],
    "isTemplate": false,
    "count": 0,
    "updated": 0
  },
  {
    "id": "31e56360-a69a-4069-8e1d-6f1cb3bd0e44",
    "data": [
      {
        "text": "din tai fung",
        "alias": "RestaurantName",
        "meta": "@RestaurantName",
        "userDefined": false
      }
    ],
    "isTemplate": false,
    "count": 0,
    "updated": 0
  },
  {
    "id": "ef751fa0-e31e-46af-8709-438c4f0dc507",
    "data": [
      {
        "text": "Jack\u0027s Place Restaurant",
        "alias": "RestaurantName",
        "meta": "@RestaurantName",
        "userDefined": false
      }
    ],
    "isTemplate": false,
    "count": 0,
    "updated": 0
  },
  {
    "id": "6f071904-fce6-48a3-8d65-16a144faa5d6",
    "data": [
      {
        "text": "Kentucy Fried Chicken",
        "alias": "RestaurantName",
        "meta": "@RestaurantName",
        "userDefined": true
      }
    ],
    "isTemplate": false,
    "count": 0,
    "updated": 0
  },
  {
    "id": "d2716ac6-7a80-4371-bc64-51d5fa248dd0",
    "data": [
      {
        "text": "Hong Kong Cafe",
        "alias": "RestaurantName",
        "meta": "@RestaurantName",
        "userDefined": false
      }
    ],
    "isTemplate": false,
    "count": 0,
    "updated": 0
  }
]