[
  {
    "id": "02bd4ff8-38f0-4dfe-a0cb-33c3dfb81c8a",
    "data": [
      {
        "text": "No",
        "alias": "Answer",
        "meta": "@Answer",
        "userDefined": false
      }
    ],
    "isTemplate": false,
    "count": 0,
    "updated": 0
  },
  {
    "id": "c0c2140b-2bb7-4c41-85e0-b702c53ee0da",
    "data": [
      {
        "text": "Yes",
        "alias": "Answer",
        "meta": "@Answer",
        "userDefined": false
      }
    ],
    "isTemplate": false,
    "count": 0,
    "updated": 0
  },
  {
    "id": "addbad0a-6dae-4384-8c8c-9a8737b80976",
    "data": [
      {
        "text": "Hawker Info",
        "userDefined": false
      }
    ],
    "isTemplate": false,
    "count": 0,
    "updated": 0
  }
]