[
  {
    "id": "d568e2cb-a4b2-48bb-a350-615f85aaab38",
    "data": [
      {
        "text": "Hi",
        "userDefined": false
      }
    ],
    "isTemplate": false,
    "count": 0,
    "updated": 0
  },
  {
    "id": "fe841981-c670-4c81-bf2e-3cd7f1b181c9",
    "data": [
      {
        "text": "Greetings",
        "userDefined": false
      }
    ],
    "isTemplate": false,
    "count": 0,
    "updated": 0
  },
  {
    "id": "6cb7b4f4-c1c5-4ba8-a9e1-0ede81689b91",
    "data": [
      {
        "text": "Good Day",
        "userDefined": false
      }
    ],
    "isTemplate": false,
    "count": 0,
    "updated": 0
  },
  {
    "id": "bae280fc-be4a-4cda-a6bc-13ec12646337",
    "data": [
      {
        "text": "Hello",
        "userDefined": false
      }
    ],
    "isTemplate": false,
    "count": 0,
    "updated": 0
  }
]