[
  {
    "value": "Ah Loy Thai",
    "synonyms": [
      "Ah Loy Thai"
    ]
  },
  {
    "value": "Din Tai Fung",
    "synonyms": [
      "Din Tai Fung"
    ]
  },
  {
    "value": "East Coast Lagoon Food Village",
    "synonyms": [
      "East Coast Lagoon Food Village"
    ]
  },
  {
    "value": "Empress",
    "synonyms": [
      "Empress"
    ]
  },
  {
    "value": "Enchanted Cafe",
    "synonyms": [
      "Enchanted Cafe"
    ]
  },
  {
    "value": "Famous Sungei Road Trishaw Laksa",
    "synonyms": [
      "Famous Sungei Road Trishaw Laksa"
    ]
  },
  {
    "value": "Fisk",
    "synonyms": [
      "Fisk"
    ]
  },
  {
    "value": "HOME Bar \u0026 Kitchen",
    "synonyms": [
      "HOME Bar \u0026 Kitchen"
    ]
  },
  {
    "value": "Happy Crab",
    "synonyms": [
      "Happy Crab"
    ]
  },
  {
    "value": "Hong Kong Cafe",
    "synonyms": [
      "Hong Kong Cafe"
    ]
  },
  {
    "value": "Huat Huat BBQ",
    "synonyms": [
      "Huat Huat BBQ"
    ]
  },
  {
    "value": "Jack\u0027s Place Restaurant",
    "synonyms": [
      "Jack\u0027s Place Restaurant",
      "Jacks place"
    ]
  },
  {
    "value": "Jin Fine Dining",
    "synonyms": [
      "Jin Fine Dining"
    ]
  },
  {
    "value": "Joo Chiat Road",
    "synonyms": [
      "Joo Chiat Road"
    ]
  },
  {
    "value": "Jumbo Seafood",
    "synonyms": [
      "Jumbo",
      "Jumbo Seafood"
    ]
  },
  {
    "value": "JustIN Flavours of Asia",
    "synonyms": [
      "JustIN Flavours of Asia"
    ]
  },
  {
    "value": "Keng Eng Kee Seafood",
    "synonyms": [
      "Keng Eng Kee Seafood"
    ]
  },
  {
    "value": "Kentucky Fried Chicken",
    "synonyms": [
      "KFC",
      "Kentucky Fried Chicken"
    ]
  },
  {
    "value": "Liao Fan Hawker Chan",
    "synonyms": [
      "Liao Fan",
      "Liao Fan Hawker Chan"
    ]
  },
  {
    "value": "Limaa",
    "synonyms": [
      "Limaa"
    ]
  },
  {
    "value": "Long Beach Seafood",
    "synonyms": [
      "Long Beach Seafood"
    ]
  },
  {
    "value": "Long John Silver\u0027s",
    "synonyms": [
      "LJS",
      "Long John Silver",
      "Long John Silver\u0027s"
    ]
  },
  {
    "value": "Longqing Hotpot",
    "synonyms": [
      "Longqing Hotpot"
    ]
  },
  {
    "value": "Marché Restaurant",
    "synonyms": [
      "Marché",
      "Marché Restaurant"
    ]
  },
  {
    "value": "Minang House",
    "synonyms": [
      "Minang House"
    ]
  },
  {
    "value": "Mrs Pho House Rangoon",
    "synonyms": [
      "Mrs Pho House Rangoon"
    ]
  },
  {
    "value": "Mya Nandar",
    "synonyms": [
      "Mya Nandar"
    ]
  },
  {
    "value": "New Ubin Seafood",
    "synonyms": [
      "New Ubin Seafood"
    ]
  },
  {
    "value": "Ninja Cut",
    "synonyms": [
      "Ninja Cut"
    ]
  },
  {
    "value": "Oceans of Seafood",
    "synonyms": [
      "Oceans of Seafood"
    ]
  },
  {
    "value": "Old Hen Kitchen",
    "synonyms": [
      "Old Hen Kitchen"
    ]
  },
  {
    "value": "Padi",
    "synonyms": [
      "Padi"
    ]
  },
  {
    "value": "Pek Kio Market \u0026 Food Centre",
    "synonyms": [
      "Pek Kio Market \u0026 Food Centre"
    ]
  },
  {
    "value": "Penang Seafood Restaurant",
    "synonyms": [
      "Penang Seafood Restaurant"
    ]
  },
  {
    "value": "Plate",
    "synonyms": [
      "Plate"
    ]
  },
  {
    "value": "Seasalt Carribean Deli",
    "synonyms": [
      "Seasalt Carribean Deli"
    ]
  },
  {
    "value": "Ser Seng Herbs",
    "synonyms": [
      "Ser Seng Herbs"
    ]
  },
  {
    "value": "Song Fa Bak Kut Teh",
    "synonyms": [
      "Song Fa Bak Kut Teh"
    ]
  },
  {
    "value": "Song Garden",
    "synonyms": [
      "Song Garden"
    ]
  },
  {
    "value": "Subarashii Grill \u0026 Bar",
    "synonyms": [
      "Subarashii Grill \u0026 Bar"
    ]
  },
  {
    "value": "Sungei Road Laksa",
    "synonyms": [
      "Sungei Road Laksa"
    ]
  },
  {
    "value": "Sushi Jin",
    "synonyms": [
      "Sushi Jin"
    ]
  },
  {
    "value": "Sushi Tei",
    "synonyms": [
      "Sushi Tei"
    ]
  },
  {
    "value": "Taste Paradise",
    "synonyms": [
      "Taste Paradise"
    ]
  },
  {
    "value": "The BOILER Seafood Bar \u0026 Beer",
    "synonyms": [
      "The BOILER Seafood Bar \u0026 Beer"
    ]
  },
  {
    "value": "The Butcher’s Wife",
    "synonyms": [
      "Butcher wife",
      "The Butcher wife",
      "The Butcher’s Wife"
    ]
  },
  {
    "value": "The Dragon Chamber",
    "synonyms": [
      "The Dragon Chamber"
    ]
  },
  {
    "value": "The Malayan Council",
    "synonyms": [
      "The Malayan Council"
    ]
  },
  {
    "value": "Three Buns",
    "synonyms": [
      "Three Buns"
    ]
  },
  {
    "value": "Throwback",
    "synonyms": [
      "Throwback"
    ]
  },
  {
    "value": "Tim Ho Wan",
    "synonyms": [
      "Tim Ho Wan"
    ]
  },
  {
    "value": "Tsui Wah",
    "synonyms": [
      "Tsui Wah"
    ]
  },
  {
    "value": "Twenty Eight Cafe",
    "synonyms": [
      "Twenty Eight Cafe"
    ]
  },
  {
    "value": "Two Men Bagel House @ Novena",
    "synonyms": [
      "Two Men Bagel House",
      "Two Men Bagel House @ Novena"
    ]
  },
  {
    "value": "Waku Ghin",
    "synonyms": [
      "Waku Ghin"
    ]
  },
  {
    "value": "burnt ends",
    "synonyms": [
      "burnt ends"
    ]
  },
  {
    "value": "holycrab",
    "synonyms": [
      "Holy Crab",
      "holycrab"
    ]
  }
]